"day","airline","Origin Airport","Stop_over Airport","Destination Airport","Origin Departure Delay","Stop-over Arrival Delay","Stop-over Departure Delay","Destination Arrival Delay","a1","transit_arrive","d2","transit_depart"
"7","AS","SFO","SEA","JFK","11","11","6","-45","1851","1131","2136","1296"
"7","B6","SFO","LAS","JFK","33","25","3","19","1924","1164","2158","1318"
"7","AS","SFO","SEA","JFK","-8","-10","6","-45","2004","1204","2136","1296"
"7","AA","SFO","LAX","JFK","-7","-23","-5","-15","1936","1176","2225","1345"
"7","AA","SFO","LAX","JFK","-7","-23","-6","4","1936","1176","2124","1284"
"7","DL","SFO","LAX","JFK","-2","-4","-4","-10","2026","1226","2251","1371"
"7","DL","SFO","LAX","JFK","-2","-4","109","108","2026","1226","2319","1399"
"7","VX","SFO","LAX","JFK","-5","-1","-5","1","2049","1249","2305","1385"
"7","AA","SFO","LAX","JFK","-5","-7","3","6","2054","1254","2333","1413"
"7","AA","SFO","LAX","JFK","-5","-7","-5","-15","2054","1254","2225","1345"
"7","VX","SFO","LAS","JFK","-3","-10","8","13","2110","1270","2218","1338"
"7","DL","SFO","LAX","JFK","-5","-5","-4","-10","2122","1282","2251","1371"
"7","DL","SFO","LAX","JFK","-5","-5","109","108","2122","1282","2319","1399"
"7","VX","SFO","LAX","JFK","-1","-6","-5","1","2204","1324","2305","1385"
"7","B6","SFO","BOS","JFK","26","32","-1","-5","612","372","746","466"
"7","AA","SFO","CLT","JFK","-11","-4","30","41","608","368","800","480"
"7","B6","SFO","FLL","JFK","13","25","0","-15","725","445","915","555"
"7","DL","SFO","ATL","JFK","12","16","0","-17","638","398","810","490"
"8","DL","SFO","MSP","JFK","-6","-20","-3","-7","520","320","707","427"
"8","AA","SFO","CLT","JFK","-9","-21","-3","-16","744","464","912","552"
"8","AA","SFO","ORD","JFK","-6","-1","-4","-6","1116","676","1236","756"
"8","AA","SFO","DFW","JFK","-8","-3","0","15","1042","642","1150","710"
"8","AA","SFO","PHX","JFK","-7","-18","-3","9","840","520","957","597"
"8","DL","SFO","ATL","JFK","0","3","9","-19","1334","814","1449","889"
"8","AA","SFO","MIA","JFK","-1","0","2","-10","1508","908","1657","1017"
"8","VX","SFO","LAX","JFK","3","-4","14","15","816","496","1054","654"
"8","AA","SFO","LAX","JFK","-7","-28","-4","-13","804","484","1036","636"
"8","DL","SFO","ATL","JFK","-3","1","1","11","1518","918","1736","1056"
"8","VX","SFO","LAX","JFK","-4","-10","14","15","910","550","1054","654"
"8","B6","SFO","BOS","JFK","-9","-12","-9","-5","1618","978","1832","1112"
"8","DL","SFO","LAX","JFK","-2","-1","3","12","931","571","1133","693"
"8","DL","SFO","ATL","JFK","-2","-6","1","11","1629","989","1736","1056"
"8","DL","SFO","LAX","JFK","3","-8","3","12","1022","622","1133","693"
"8","AA","SFO","PHX","JFK","-6","-6","10","27","1204","724","1340","820"
"8","AA","SFO","ORD","JFK","3","-1","-4","-20","1608","968","1831","1111"
"8","AA","SFO","LAX","JFK","14","2","-3","-10","1140","700","1412","852"
"8","AA","SFO","LAX","JFK","14","2","22","23","1140","700","1337","817"
"8","AA","SFO","DFW","JFK","0","-17","-4","-15","1543","943","1656","1016"
"8","DL","SFO","LAX","JFK","-3","-8","-1","4","1217","737","1404","844"
"8","AA","SFO","ORD","JFK","-7","-20","-4","-20","1719","1039","1831","1111"
"8","AA","SFO","CLT","JFK","-10","-6","0","1","1906","1146","2010","1210"
"8","VX","SFO","LAX","JFK","-7","-10","-4","5","1235","755","1336","816"
"8","DL","SFO","LAX","JFK","-6","-7","-4","12","1313","793","1556","956"
"8","DL","SFO","ATL","JFK","-1","-6","19","1","1941","1181","2104","1264"
"8","AA","SFO","PHX","JFK","-1","-7","-6","-6","1501","901","1634","994"
"8","VX","SFO","LAX","JFK","-8","-20","-3","20","1355","835","1547","947"
"8","AA","SFO","LAX","JFK","34","36","73","60","1635","995","1758","1078"
"8","B6","SFO","LAS","JFK","44","45","0","27","1944","1184","2155","1315"
"8","AS","SFO","SEA","JFK","30","38","27","-6","2052","1252","2157","1317"
"8","AA","SFO","LAX","JFK","-3","-5","-9","-20","1954","1194","2221","1341"
"8","AA","SFO","LAX","JFK","-3","-5","-2","9","1954","1194","2128","1288"
"8","VX","SFO","LAX","JFK","0","13","-1","0","2018","1218","2309","1389"
"8","DL","SFO","LAX","JFK","-3","0","-3","-2","2030","1230","2252","1372"
"8","VX","SFO","LAX","JFK","-5","-9","-1","0","2041","1241","2309","1389"
"8","AA","SFO","LAX","JFK","-5","-13","-6","-2","2048","1248","2324","1404"
"8","AA","SFO","LAX","JFK","-5","-13","-9","-20","2048","1248","2221","1341"
"8","DL","SFO","LAX","JFK","-3","0","-3","-2","2127","1287","2252","1372"
"8","AA","SFO","LAX","JFK","-8","-16","-6","-2","2145","1305","2324","1404"
"8","B6","SFO","BOS","JFK","-6","-17","-2","-12","523","323","745","465"
"8","B6","SFO","BOS","JFK","-6","-17","-3","0","523","323","644","404"
"8","AA","SFO","CLT","JFK","-5","-9","-4","-16","603","363","726","446"
"8","B6","SFO","FLL","JFK","16","21","-5","-19","721","441","910","550"
"8","DL","SFO","ATL","JFK","-3","15","1","-10","637","397","811","491"
"9","AA","SFO","ORD","JFK","-7","-25","-5","-14","1052","652","1235","755"
"9","AA","SFO","DFW","JFK","-7","-17","4","-4","1028","628","1154","714"
"9","AA","SFO","PHX","JFK","-4","-9","-4","-3","849","529","956","596"
"9","DL","SFO","ATL","JFK","-3","-13","0","-16","1318","798","1440","880"
"9","AA","SFO","MIA","JFK","-6","-12","14","-12","1456","896","1709","1029"
"9","VX","SFO","LAX","JFK","6","-1","-1","-20","819","499","1039","639"
"9","AA","SFO","LAX","JFK","44","59","-7","-25","931","571","1208","728"
"9","AA","SFO","LAX","JFK","44","59","34","23","931","571","1114","674"
"9","B6","SFO","LAS","JFK","-5","-25","-3","-12","845","525","1142","702"
"9","DL","SFO","ATL","JFK","0","-13","1","-18","1504","904","1736","1056"
"9","VX","SFO","LAX","JFK","-5","0","-1","-20","920","560","1039","639"
"9","B6","SFO","BOS","JFK","7","-3","-1","4","1627","987","1810","1090"
"9","DL","SFO","LAX","JFK","0","0","40","32","935","575","1210","730"
"9","DL","SFO","ATL","JFK","-3","-14","1","-18","1621","981","1736","1056"
"9","DL","SFO","LAX","JFK","11","7","40","32","1037","637","1210","730"
"9","AA","SFO","PHX","JFK","-12","-19","-1","6","1151","711","1329","809"
"9","AA","SFO","ORD","JFK","-6","-36","-2","-13","1533","933","1833","1113"
"9","AA","SFO","LAX","JFK","-1","10","-8","-18","1148","708","1407","847"
"9","AA","SFO","LAX","JFK","-1","10","-2","-10","1148","708","1313","793"
"9","B6","SFO","FLL","JFK","-3","-12","-3","-20","1828","1108","1947","1187"
"9","AA","SFO","DFW","JFK","-2","-15","-4","-12","1545","945","1656","1016"
"9","DL","SFO","LAX","JFK","23","27","-9","-8","1252","772","1356","836"
"9","AA","SFO","ORD","JFK","-2","-30","-2","-13","1709","1029","1833","1113"
"9","AA","SFO","CLT","JFK","2","-3","-6","-9","1909","1149","2208","1328"
"9","DL","SFO","LAX","JFK","8","8","-1","4","1328","808","1559","959"
"9","DL","SFO","ATL","JFK","9","-12","0","-12","1931","1171","2045","1245"
"9","AA","SFO","PHX","JFK","-7","-14","10","13","1454","894","1650","1010"
"9","VX","SFO","LAX","JFK","-7","-10","-8","-6","1405","845","1542","942"
"9","AA","SFO","CLT","JFK","-8","-6","-6","-9","2104","1264","2208","1328"
"9","AA","SFO","PHX","JFK","-7","-13","2","-1","1950","1190","2232","1352"
"9","AS","SFO","SEA","JFK","16","9","5","-26","2024","1224","2135","1295"
"9","AA","SFO","LAX","JFK","30","24","-3","-22","2023","1223","2227","1347"
"9","AA","SFO","LAX","JFK","30","24","-5","4","2023","1223","2125","1285"
"9","VX","SFO","LAX","JFK","6","7","1","-8","2012","1212","2311","1391"
"9","DL","SFO","LAX","JFK","25","18","27","16","2048","1248","2322","1402"
"9","VX","SFO","LAX","JFK","-7","-12","1","-8","2038","1238","2311","1391"
"9","AA","SFO","LAX","JFK","14","17","18","29","2218","1338","2348","1428"
"9","B6","SFO","BOS","JFK","34","30","8","0","610","370","755","475"
"9","AA","SFO","CLT","JFK","0","-24","-7","-21","548","348","723","443"
"9","B6","SFO","FLL","JFK","-2","0","-1","-2","700","420","914","554"
"9","DL","SFO","ATL","JFK","20","9","-1","-22","631","391","809","489"
"10","DL","SFO","MSP","JFK","-4","-27","-3","-28","513","313","707","427"
"10","AA","SFO","CLT","JFK","-8","-36","8","6","729","449","923","563"
"10","AA","SFO","MIA","JFK","539","534","0","-7","1744","1064","2014","1214"
"10","AA","SFO","ORD","JFK","-4","-30","0","-10","1047","647","1240","760"
"10","AA","SFO","DFW","JFK","-7","-25","0","-12","1020","620","1150","710"
"10","AA","SFO","PHX","JFK","-5","-23","-3","-17","835","515","957","597"
"10","DL","SFO","ATL","JFK","-2","-14","12","-6","1317","797","1452","892"
"10","AA","SFO","MIA","JFK","0","6","-5","1","1514","914","1650","1010"
"10","VX","SFO","LAX","JFK","-5","-8","1","-7","812","492","1041","641"
"10","DL","SFO","ATL","JFK","-1","-17","17","20","1500","900","1752","1072"
"10","VX","SFO","LAX","JFK","-7","16","1","-7","936","576","1041","641"
"10","B6","SFO","BOS","JFK","-6","-26","1","-17","1604","964","1842","1122"
"10","DL","SFO","LAX","JFK","2","39","6","-13","1011","611","1136","696"
"10","DL","SFO","ATL","JFK","5","-13","17","20","1622","982","1752","1072"
"10","DL","SFO","LAX","JFK","131","178","5","-24","1328","808","1605","965"
"10","AA","SFO","PHX","JFK","-7","-2","-2","8","1208","728","1328","808"
"10","AA","SFO","ORD","JFK","-3","-38","-7","-14","1531","931","1828","1108"
"10","AA","SFO","LAX","JFK","-4","13","-7","-22","1151","711","1408","848"
"10","AA","SFO","LAX","JFK","-4","13","3","-7","1151","711","1318","798"
"10","B6","SFO","FLL","JFK","55","67","5","-5","1947","1187","2110","1270"
"10","AA","SFO","DFW","JFK","-5","-3","-3","1","1557","957","1657","1017"
"10","AA","SFO","ORD","JFK","-1","-44","-7","-14","1655","1015","1828","1108"
"10","AA","SFO","CLT","JFK","0","4","-2","-5","1916","1156","2212","1332"
"10","VX","SFO","LAX","JFK","3","5","-1","-15","1250","770","1549","949"
"10","DL","SFO","LAX","JFK","39","44","5","-24","1404","844","1605","965"
"10","DL","SFO","ATL","JFK","19","-8","-4","-19","1935","1175","2041","1241"
"10","AA","SFO","PHX","JFK","-4","12","-5","-29","1520","920","1635","995"
"10","VX","SFO","LAX","JFK","-3","-4","-1","-15","1411","851","1549","949"
"10","AA","SFO","CLT","JFK","19","-7","-2","-5","2103","1263","2212","1332"
"10","AS","SFO","SEA","JFK","-9","-4","-2","-20","1836","1116","2128","1288"
"10","B6","SFO","LAS","JFK","45","41","-2","-27","1940","1180","2153","1313"
"10","AA","SFO","LAX","JFK","25","22","40","35","2021","1221","2310","1390"
"10","AA","SFO","LAX","JFK","25","22","4","-15","2021","1221","2134","1294"
"10","VX","SFO","LAS","JFK","-3","0","6","-8","2010","1210","2216","1336"
"10","VX","SFO","LAX","JFK","-5","0","1","-30","2050","1250","2311","1391"
"10","AA","SFO","LAX","JFK","2","-1","-7","22","2100","1260","2323","1403"
"10","AA","SFO","LAX","JFK","2","-1","40","35","2100","1260","2310","1390"
"10","DL","SFO","LAX","JFK","2","9","1","-16","2136","1296","2256","1376"
"10","AA","SFO","LAX","JFK","-3","8","-7","22","2209","1329","2323","1403"
"10","AA","SFO","LAX","JFK","-3","8","40","35","2209","1329","2310","1390"
"10","B6","SFO","BOS","JFK","29","20","-3","-2","600","360","744","464"
"10","AA","SFO","CLT","JFK","0","-19","-4","-13","553","353","726","446"
"10","DL","SFO","ATL","JFK","74","56","-2","3","718","438","953","593"
"11","DL","SFO","MSP","JFK","7","0","-3","-15","540","340","707","427"
"11","AA","SFO","CLT","JFK","13","-19","1","-2","746","466","916","556"
"11","AA","SFO","ORD","JFK","0","-28","-2","-14","1049","649","1238","758"
"11","AA","SFO","DFW","JFK","-3","-7","4","3","1038","638","1154","714"
"11","DL","SFO","ATL","JFK","-1","-20","2","-1","1311","791","1442","882"
"11","AA","SFO","PHX","JFK","-3","-8","1","15","850","530","1001","601"
"11","DL","SFO","MSP","JFK","178","154","-9","-37","1447","887","1730","1050"
"11","AA","SFO","MIA","JFK","0","-16","-6","15","1452","892","1649","1009"
"11","VX","SFO","LAX","JFK","0","-6","-4","-53","814","494","1036","636"
"11","DL","SFO","ATL","JFK","5","-12","0","-2","1505","905","1735","1055"
"11","VX","SFO","LAX","JFK","-5","-12","-4","-53","908","548","1036","636"
"11","B6","SFO","BOS","JFK","-9","-44","-1","-8","1546","946","1840","1120"
"11","DL","SFO","LAX","JFK","221","229","-4","-36","1321","801","1556","956"
"11","DL","SFO","ATL","JFK","2","-27","0","-2","1608","968","1735","1055"
"11","DL","SFO","LAX","JFK","17","15","39","6","1045","645","1209","729"
"11","AA","SFO","PHX","JFK","99","95","-2","-19","1345","825","1638","998"
"11","AA","SFO","ORD","JFK","0","-18","11","-14","1551","951","1846","1126"
"11","AA","SFO","LAX","JFK","62","71","22","7","1249","769","1437","877"
"11","B6","SFO","FLL","JFK","-1","-7","-13","-4","1833","1113","2052","1252"
"11","B6","SFO","FLL","JFK","-1","-7","-5","2","1833","1113","1945","1185"
"11","DL","SFO","LAX","JFK","2","14","-8","-44","1239","759","1357","837"
"11","AA","SFO","CLT","JFK","-9","-22","-1","15","1850","1130","2009","1209"
"11","VX","SFO","LAX","JFK","-4","7","-3","-20","1252","772","1547","947"
"11","VX","SFO","LAX","JFK","-4","7","49","12","1252","772","1429","869"
"11","DL","SFO","DTW","JFK","2","-23","1","-15","1847","1127","1948","1188"
"11","DL","SFO","LAX","JFK","-5","11","-4","-36","1331","811","1556","956"
"11","DL","SFO","ATL","JFK","1","-19","-2","7","1924","1164","2043","1243"
"11","AA","SFO","PHX","JFK","2","7","-2","-19","1515","915","1638","998"
"11","VX","SFO","LAX","JFK","-1","10","-3","-20","1425","865","1547","947"
"11","AA","SFO","CLT","JFK","-3","-1","-2","1","2109","1269","2212","1332"
"11","AS","SFO","SEA","JFK","-12","-11","-1","-46","1829","1109","2129","1289"
"11","AA","SFO","PHX","JFK","-6","-14","-1","-30","1949","1189","2229","1349"
"11","B6","SFO","LAS","JFK","75","70","25","3","2009","1209","2220","1340"
"11","AS","SFO","SEA","JFK","-2","9","-1","-46","2023","1223","2129","1289"
"11","AA","SFO","LAX","JFK","3","-2","-2","-15","1957","1197","2228","1348"
"11","AA","SFO","LAX","JFK","3","-2","-1","-17","1957","1197","2129","1289"
"11","VX","SFO","LAS","JFK","2","25","-4","-35","2035","1235","2206","1326"
"11","VX","SFO","LAX","JFK","30","20","0","-16","2025","1225","2310","1390"
"11","DL","SFO","LAX","JFK","-4","-11","-2","-6","2019","1219","2253","1373"
"11","DL","SFO","LAX","JFK","-4","-11","0","-27","2019","1219","2130","1290"
"11","VX","SFO","LAX","JFK","-4","-15","0","-16","2035","1235","2310","1390"
"11","DL","SFO","LAX","JFK","17","15","-2","-6","2142","1302","2253","1373"
"11","AA","SFO","LAX","JFK","6","-1","-1","-15","2200","1320","2329","1409"
"11","VX","SFO","LAX","JFK","-1","-6","0","-16","2204","1324","2310","1390"
"11","B6","SFO","BOS","JFK","9","-15","-6","-3","525","325","741","461"
"11","DL","SFO","ATL","JFK","6","11","0","5","633","393","810","490"
"11","B6","SFO","BOS","JFK","10","-7","12","13","817","497","1111","671"
"11","B6","SFO","BOS","JFK","10","-7","-2","19","817","497","933","573"
"12","DL","SFO","MSP","JFK","-9","3","-3","-21","541","341","707","427"
"12","AA","SFO","CLT","JFK","-5","-19","4","10","746","466","919","559"
"12","AA","SFO","DFW","JFK","-7","-6","4","-19","1039","639","1154","714"
"12","AA","SFO","PHX","JFK","2","-8","10","-22","850","530","1010","610"
"12","DL","SFO","ATL","JFK","-2","-10","3","2","1323","803","1443","883"
"12","AA","SFO","MIA","JFK","-2","-9","-8","-16","1459","899","1647","1007"
"12","VX","SFO","LAX","JFK","-3","-3","1","-30","817","497","1041","641"
"12","AA","SFO","LAX","JFK","-5","-19","-3","-20","813","493","1037","637"
"12","B6","SFO","LAS","JFK","-7","-20","-2","-24","850","530","1143","703"
"12","VX","SFO","LAX","JFK","-4","-20","1","-30","900","540","1041","641"
"12","DL","SFO","LAX","JFK","-2","-12","3","-7","918","558","1133","693"
"12","DL","SFO","ATL","JFK","0","-11","-3","-25","1623","983","1732","1052"
"12","AA","SFO","PHX","JFK","-8","-15","-3","-43","1155","715","1327","807"
"12","AA","SFO","ORD","JFK","-2","-25","-5","-18","1544","944","1830","1110"
"12","AA","SFO","LAX","JFK","5","-8","-4","-7","1130","690","1411","851"
"12","AA","SFO","LAX","JFK","5","-8","-2","-12","1130","690","1313","793"
"12","B6","SFO","FLL","JFK","-3","-3","15","15","1837","1117","2120","1280"
"12","B6","SFO","FLL","JFK","-3","-3","-1","-3","1837","1117","1949","1189"
"12","AA","SFO","DFW","JFK","-5","-10","4","-8","1550","950","1704","1024"
"12","AA","SFO","ORD","JFK","-7","-36","-5","-18","1703","1023","1830","1110"
"12","DL","SFO","DTW","JFK","-6","-15","0","-17","1834","1114","1940","1180"
"12","VX","SFO","LAX","JFK","-6","-16","12","-11","1229","749","1352","832"
"12","DL","SFO","ATL","JFK","-3","-13","0","-19","1907","1147","2045","1245"
"12","AA","SFO","PHX","JFK","-5","-8","-6","-22","1500","900","1634","994"
"12","AA","SFO","CLT","JFK","-7","-8","0","1","2102","1262","2214","1334"
"12","B6","SFO","LAS","JFK","25","10","2","19","1909","1149","2157","1317"
"12","AS","SFO","SEA","JFK","-5","-12","10","-30","2003","1203","2140","1300"
"12","AA","SFO","LAX","JFK","-1","-16","-6","-21","1943","1183","2224","1344"
"12","AA","SFO","LAX","JFK","-1","-16","-5","4","1943","1183","2125","1285"
"12","AA","SFO","LAX","JFK","-6","-28","-8","-15","2033","1233","2322","1402"
"12","AA","SFO","LAX","JFK","-6","-28","-6","-21","2033","1233","2224","1344"
"12","AA","SFO","LAX","JFK","17","0","-8","-15","2201","1321","2322","1402"
"12","B6","SFO","BOS","JFK","10","-1","-4","-8","539","339","743","463"
"12","B6","SFO","FLL","JFK","12","21","-3","7","721","441","946","586"
"12","DL","SFO","ATL","JFK","-8","19","-3","5","639","399","807","487"
"13","AA","SFO","DFW","JFK","-5","-20","5","-1","1025","625","1155","715"
"13","AA","SFO","PHX","JFK","118","115","-5","-14","1053","653","1325","805"
"13","DL","SFO","ATL","JFK","5","4","-5","-33","1335","815","1435","875"
"13","AA","SFO","MIA","JFK","-2","-12","-4","-3","1456","896","1651","1011"
"13","B6","SFO","LAS","JFK","-5","-29","-5","-17","841","521","1140","700"
"13","DL","SFO","ATL","JFK","2","-2","-4","-26","1515","915","1731","1051"
"13","VX","SFO","LAX","JFK","-3","1","89","62","921","561","1209","729"
"13","B6","SFO","BOS","JFK","-6","-10","3","3","1620","980","1844","1124"
"13","DL","SFO","LAX","JFK","-3","24","17","5","956","596","1147","707"
"13","HA","SFO","HNL","JFK","3","83","-5","-13","1333","813","1615","975"
"13","AA","SFO","CLT","JFK","0","42","7","29","1727","1047","2017","1217"
"13","DL","SFO","LAX","JFK","13","41","-3","-21","1111","671","1402","842"
"13","AA","SFO","PHX","JFK","-3","-12","-5","-16","1345","825","1635","995"
"13","DL","SFO","LAX","JFK","22","19","-3","-21","1244","764","1402","842"
"13","AA","SFO","CLT","JFK","27","18","15","8","1930","1170","2229","1349"
"13","VX","SFO","LAX","JFK","54","50","7","11","1335","815","1557","957"
"13","VX","SFO","LAX","JFK","54","50","64","42","1335","815","1444","884"
"13","DL","SFO","DTW","JFK","7","-12","28","17","1858","1138","2015","1215"
"13","DL","SFO","LAX","JFK","78","88","36","10","1448","888","1636","996"
"13","AA","SFO","PHX","JFK","70","53","-1","-15","1935","1175","2229","1349"
"13","DL","SFO","LAX","JFK","94","105","14","-6","1911","1151","2144","1304"
"13","AS","SFO","SEA","JFK","11","9","-3","-18","1849","1129","2127","1287"
"13","DL","SFO","LAX","JFK","22","68","14","-6","1928","1168","2144","1304"
"13","AA","SFO","PHX","JFK","22","2","-1","-15","2005","1205","2229","1349"
"13","VX","SFO","LAX","JFK","109","138","21","15","2113","1273","2331","1411"
"13","AS","SFO","SEA","JFK","-12","-2","-3","-18","2012","1212","2127","1287"
"13","AA","SFO","LAX","JFK","3","8","0","-26","2007","1207","2230","1350"
"13","AA","SFO","LAX","JFK","3","8","-5","-25","2007","1207","2125","1285"
"13","VX","SFO","LAS","JFK","47","54","0","-14","2104","1264","2210","1330"
"13","VX","SFO","LAX","JFK","13","47","21","15","2052","1252","2331","1411"
"13","VX","SFO","LAX","JFK","29","49","21","15","2139","1299","2331","1411"
"13","AA","SFO","LAX","JFK","68","63","-5","-7","2204","1324","2325","1405"
"13","DL","SFO","LAX","JFK","91","86","0","-9","2253","1373","2359","1439"
"13","AA","SFO","LAX","JFK","4","21","-5","-7","2222","1342","2325","1405"
"13","B6","SFO","FLL","JFK","206","208","-3","-15","1028","628","1322","802"
"13","DL","SFO","ATL","JFK","-1","-12","35","15","610","370","845","525"
"14","DL","SFO","MSP","JFK","23","24","-4","0","604","364","706","426"
"14","AA","SFO","CLT","JFK","-5","-18","0","5","747","467","915","555"
"14","AA","SFO","ORD","JFK","-6","-8","8","35","1109","669","1248","768"
"14","AA","SFO","DFW","JFK","-3","-25","14","1","1020","620","1204","724"
"14","AA","SFO","PHX","JFK","0","1","4","-20","859","539","1004","604"
"14","DL","SFO","ATL","JFK","0","-13","62","73","1318","798","1542","942"
"1","DL","SFO","MSP","JFK","-1","-4","0","-18","536","336","710","430"
"1","AA","SFO","CLT","JFK","-2","5","-1","-7","810","490","914","554"
"1","AA","SFO","ORD","JFK","7","1","90","88","1118","678","1410","850"
"1","AA","SFO","DFW","JFK","-7","-26","46","63","1019","619","1236","756"
"1","AA","SFO","PHX","JFK","-13","-32","44","32","826","506","1039","639"
"1","DL","SFO","ATL","JFK","-2","-17","7","-7","1314","794","1447","887"
"1","DL","SFO","SLC","JFK","-6","-18","-2","0","842","522","948","588"
"1","AA","SFO","MIA","JFK","-3","-14","0","13","1454","894","1655","1015"
"1","VX","SFO","LAX","JFK","13","11","35","11","831","511","1115","675"
"1","AA","SFO","LAX","JFK","-8","-6","8","-11","826","506","1048","648"
"1","DL","SFO","ATL","JFK","0","-17","7","1","1500","900","1742","1062"
"1","B6","SFO","BOS","JFK","-7","-12","0","13","1618","978","1841","1121"
"1","DL","SFO","LAX","JFK","-3","6","9","-15","938","578","1139","699"
"1","DL","SFO","ATL","JFK","8","-7","7","1","1628","988","1742","1062"
"1","AA","SFO","PHX","JFK","-6","-14","80","61","1156","716","1450","890"
"1","AA","SFO","ORD","JFK","17","8","11","24","1617","977","1846","1126"
"1","AA","SFO","LAX","JFK","-5","-3","16","10","1135","695","1431","871"
"1","AA","SFO","LAX","JFK","-5","-3","18","2","1135","695","1333","813"
"1","B6","SFO","FLL","JFK","-2","10","14","-5","1850","1130","2126","1286"
"1","B6","SFO","FLL","JFK","-2","10","38","28","1850","1130","2028","1228"
"1","AA","SFO","DFW","JFK","15","-1","21","21","1559","959","1721","1041"
"1","DL","SFO","LAX","JFK","13","1","7","-23","1226","746","1412","852"
"1","AA","SFO","ORD","JFK","1","-8","11","24","1731","1051","1846","1126"
"1","AA","SFO","CLT","JFK","-8","0","5","32","1912","1152","2015","1215"
"1","VX","SFO","LAX","JFK","-1","-3","18","-3","1242","762","1358","838"
"1","B6","SFO","BOS","JFK","-3","-22","20","18","1949","1189","2110","1270"
"1","DL","SFO","LAX","JFK","-3","-11","-3","-6","1309","789","1557","957"
"1","DL","SFO","LAX","JFK","-3","-11","7","-23","1309","789","1412","852"
"1","DL","SFO","ATL","JFK","0","-26","-1","-33","1921","1161","2044","1244"
"1","AA","SFO","PHX","JFK","-5","-6","-3","-25","1502","902","1637","997"
"1","VX","SFO","LAX","JFK","-4","-12","28","7","1403","843","1618","978"
"1","AA","SFO","PHX","JFK","-7","-7","0","-16","1956","1196","2230","1350"
"1","AS","SFO","SEA","JFK","-11","-15","-3","-2","1954","1194","2127","1287"
"1","AA","SFO","LAX","JFK","-5","-6","-8","6","1953","1193","2122","1282"
"1","DL","SFO","LAX","JFK","-4","-19","-2","-15","2011","1211","2253","1373"
"1","DL","SFO","LAX","JFK","-4","-19","1","-26","2011","1211","2131","1291"
"1","VX","SFO","LAX","JFK","-9","-17","-8","-5","2033","1233","2302","1382"
"1","AA","SFO","LAX","JFK","-6","-10","-5","29","2051","1251","2325","1405"
"1","AA","SFO","LAX","JFK","-6","-10","32","32","2051","1251","2302","1382"
"1","DL","SFO","LAX","JFK","-1","1","-2","-15","2128","1288","2253","1373"
"1","AA","SFO","LAX","JFK","-6","-24","-5","29","2137","1297","2325","1405"
"1","AA","SFO","LAX","JFK","-6","-24","32","32","2137","1297","2302","1382"
"1","B6","SFO","BOS","JFK","-3","-8","-9","-12","532","332","821","501"
"1","B6","SFO","BOS","JFK","-3","-8","-4","27","532","332","721","441"
"1","AA","SFO","CLT","JFK","-2","-10","-5","-11","602","362","725","445"
"1","B6","SFO","FLL","JFK","6","-8","-5","-14","652","412","850","530"
"1","DL","SFO","ATL","JFK","-3","-3","20","-8","619","379","830","510"
"2","AA","SFO","CLT","JFK","-7","-21","-2","-14","744","464","913","553"
"2","AA","SFO","ORD","JFK","-3","-6","16",,"1111","671","1256","776"
"2","AA","SFO","DFW","JFK","-8","-21","3",,"1024","624","1153","713"
"2","AA","SFO","PHX","JFK","-6","-19","4","2","839","519","959","599"
"2","DL","SFO","ATL","JFK","-2","-12","-1","-22","1319","799","1439","879"
"2","AA","SFO","MIA","JFK","0","-21","36","27","1447","887","1731","1051"
"2","VX","SFO","LAX","JFK","-8","-15","6","7","805","485","1046","646"
"2","AA","SFO","LAX","JFK","-5","-13","-3","1","819","499","1037","637"
"2","B6","SFO","LAS","JFK","-4","-20","5","9","850","530","1150","710"
"2","VX","SFO","LAX","JFK","-6","-12","6","7","908","548","1046","646"
"2","B6","SFO","BOS","JFK","-7","-15","50","65","1615","975","1900","1140"
"2","B6","SFO","BOS","JFK","-7","-15","242","252","1615","975","1841","1121"
"2","DL","SFO","LAX","JFK","-5","24","15","7","959","599","1145","705"
"2","DL","SFO","ATL","JFK","-1","-16","70","90","1619","979","1845","1125"
"2","DL","SFO","LAX","JFK","-2","-6","15","7","1024","624","1145","705"
"2","AA","SFO","PHX","JFK","-7","-1","14","40","1209","729","1344","824"
"2","AA","SFO","ORD","JFK","13","24","31","57","1633","993","1906","1146"
"2","AA","SFO","LAX","JFK","-6","-14","-7","20","1124","684","1408","848"
"2","B6","SFO","FLL","JFK","11","10","39","36","1850","1130","2029","1229"
"2","B6","SFO","FLL","JFK","11","10","132","138","1850","1130","2002","1202"
"2","AA","SFO","DFW","JFK","-6","-3","-1","17","1557","957","1659","1019"
"2","DL","SFO","LAX","JFK","26","33","-2","7","1258","778","1403","843"
"2","AA","SFO","ORD","JFK","-4","-24","31","57","1715","1035","1906","1146"
"2","AA","SFO","CLT","JFK","-5","-15","8","17","1857","1137","2018","1218"
"2","DL","SFO","LAX","JFK","-3","-3","-1","-4","1317","797","1559","959"
"2","DL","SFO","ATL","JFK","1","-16","32","20","1927","1167","2117","1277"
"2","AA","SFO","PHX","JFK","0","-12","0","4","1456","896","1640","1000"
"2","VX","SFO","LAX","JFK","-4","-5","68","72","1410","850","1658","1018"
"2","AA","SFO","CLT","JFK","12","4","13","2","2114","1274","2227","1347"
"2","AA","SFO","LAX","JFK","0","2","256","235","1601","961","1731","1051"
"2","DL","SFO","LAX","JFK","133","136","4","-1","1942","1182","2134","1294"
"2","AA","SFO","PHX","JFK","-9","-1","4","-9","2002","1202","2234","1354"
"2","AS","SFO","SEA","JFK","-8","-11","8","-11","1958","1198","2138","1298"
"2","AA","SFO","LAX","JFK","-6","-8","-5","4","1951","1191","2225","1345"
"2","AA","SFO","LAX","JFK","-6","-8","-10","4","1951","1191","2120","1280"
"2","DL","SFO","LAX","JFK","28","7","-2","-6","2037","1237","2253","1373"
"2","VX","SFO","LAX","JFK","-8","3","1","2","2053","1253","2311","1391"
"2","AA","SFO","LAX","JFK","-6","-26","-5","4","2035","1235","2225","1345"
"2","VX","SFO","LAX","JFK","-3","-1","1","2","2209","1329","2311","1391"
"2","B6","SFO","BOS","JFK","28","35","2","7","615","375","912","552"
"2","B6","SFO","BOS","JFK","28","35","7","15","615","375","732","452"
"2","AA","SFO","CLT","JFK","-3","-13","-3","-20","559","359","727","447"
"2","B6","SFO","FLL","JFK","1","-1","2","-5","659","419","917","557"
"2","DL","SFO","ATL","JFK","-2","-11","-1","-20","611","371","809","489"
"3","DL","SFO","MSP","JFK","-5","-7","-5","-7","533","333","705","425"
"3","AA","SFO","CLT","JFK","6","13","8","-10","818","498","923","563"
"3","AA","SFO","ORD","JFK","-2","-7","-1","28","1110","670","1239","759"
"3","AA","SFO","DFW","JFK","8","7","53","50","1052","652","1243","763"
"3","AA","SFO","PHX","JFK","-10","-5","4","0","853","533","959","599"
"3","DL","SFO","ATL","JFK","0","-3","-5","-22","1328","808","1435","875"
"3","AA","SFO","MIA","JFK","6","8","50","54","1516","916","1745","1065"
"3","DL","SFO","LAX","JFK","-4","25","4","1","855","535","1134","694"
"3","VX","SFO","LAX","JFK","-5","-1","-1","-15","819","499","1039","639"
"3","AA","SFO","LAX","JFK","-7","-20","-5","-18","812","492","1035","635"
"3","AA","SFO","LAX","JFK","-7","-20","45","34","812","492","945","585"
"3","B6","SFO","LAS","JFK","-5","-12","-2","3","858","538","1143","703"
"3","DL","SFO","ATL","JFK","-3","-19","-1","-23","1458","898","1734","1054"
"3","DL","SFO","LAX","JFK","-6","-2","4","1","930","570","1134","694"
"3","B6","SFO","BOS","JFK","-2","8","-2","-13","1638","998","1839","1119"
"3","AA","SFO","ORD","JFK","4","9","25","14","1618","978","1900","1140"
"3","AA","SFO","LAX","JFK","-4","-5","-4","-9","1133","693","1411","851"
"3","AA","SFO","LAX","JFK","-4","-5","-5","-10","1133","693","1310","790"
"3","AA","SFO","CLT","JFK","80","91","2","-9","2043","1243","2216","1336"
"3","AA","SFO","PHX","JFK","12","17","-1","-1","1525","925","1639","999"
"3","B6","SFO","LGB","JFK","202","194","6","10","1904","1144","2131","1291"
"3","DL","SFO","LAX","JFK","147","164","14","4","2010","1210","2309","1389"
"3","DL","SFO","LAX","JFK","147","164","-2","-13","2010","1210","2128","1288"
"3","AS","SFO","SEA","JFK","35","26","-3","-8","1904","1144","2127","1287"
"3","DL","SFO","LAX","JFK","90","97","-2","-13","1957","1197","2128","1288"
"3","AA","SFO","PHX","JFK","4","2","9","14","2005","1205","2239","1359"
"3","B6","SFO","LAS","JFK","98","87","17","25","2026","1226","2212","1332"
"3","AA","SFO","LAX","JFK","111","110","-1","-5","2149","1309","2329","1409"
"3","VX","SFO","LAS","JFK","88","90","102","100","2140","1300","2352","1432"
"3","VX","SFO","LAX","JFK","27","21","-2","-7","2026","1226","2308","1388"
"3","DL","SFO","LAX","JFK","89","80","0","-15","2150","1310","2359","1439"
"3","DL","SFO","LAX","JFK","89","80","14","4","2150","1310","2309","1389"
"3","AA","SFO","LAX","JFK","100","79","-1","-5","2220","1340","2329","1409"
"3","AA","SFO","LAX","JFK","26","21","-1","-5","2222","1342","2329","1409"
"3","B6","SFO","BOS","JFK","77","78","-2","-3","658","418","918","558"
"3","AA","SFO","CLT","JFK","0","-1","-1","-27","611","371","729","449"
"3","B6","SFO","FLL","JFK","55","42","-7","-21","742","462","908","548"
"3","DL","SFO","ATL","JFK","5","-1","-2","-25","621","381","808","488"
"4","AA","SFO","CLT","JFK","0","3","-4","-14","808","488","911","551"
"4","AA","SFO","ORD","JFK","3","-14","-2","2","1103","663","1238","758"
"4","AA","SFO","DFW","JFK","-4","-20","0","-20","1025","625","1150","710"
"4","AA","SFO","PHX","JFK","-8","-16","0","24","842","522","955","595"
"4","DL","SFO","ATL","JFK","-3","-13","26","2","1318","798","1506","906"
"4","AA","SFO","MIA","JFK","-1","-20","18","11","1448","888","1713","1033"
"4","VX","SFO","LAX","JFK","0","2","4","-17","822","502","1044","644"
"4","AA","SFO","LAX","JFK","-1","1","58","56","833","513","958","598"
"4","B6","SFO","LAS","JFK","-1","-12","0","-3","858","538","1145","705"
"4","DL","SFO","ATL","JFK","0","-10","9","-20","1507","907","1744","1064"
"4","VX","SFO","LAX","JFK","-2","8","4","-17","928","568","1044","644"
"4","B6","SFO","BOS","JFK","1","21","-2","-5","1651","1011","1950","1190"
"4","B6","SFO","BOS","JFK","1","21","-6","-7","1651","1011","1835","1115"
"4","DL","SFO","LAX","JFK","47","40","-2","-9","1012","612","1128","688"
"4","DL","SFO","ATL","JFK","-1","-22","9","-20","1613","973","1744","1064"
"4","DL","SFO","LAX","JFK","-5","-9","-2","-9","1021","621","1128","688"
"4","AA","SFO","PHX","JFK","17","11","-4","-11","1221","741","1326","806"
"4","AA","SFO","ORD","JFK","-7","-28","-7","-1","1541","941","1828","1108"
"4","AA","SFO","LAX","JFK","-4","-13","-6","-13","1125","685","1409","849"
"4","AA","SFO","LAX","JFK","-4","-13","28","10","1125","685","1243","763"
"4","AA","SFO","DFW","JFK","-4","-20","-1","-2","1540","940","1659","1019"
"4","DL","SFO","LAX","JFK","-2","-9","33","1","1216","736","1438","878"
"4","AA","SFO","ORD","JFK","-5","-26","-7","-1","1713","1033","1828","1108"
"4","AA","SFO","CLT","JFK","-4","-11","-2","29","1901","1141","2008","1208"
"4","DL","SFO","LAX","JFK","-1","-8","-7","-22","1312","792","1553","953"
"4","DL","SFO","LAX","JFK","-1","-8","33","1","1312","792","1438","878"
"4","DL","SFO","ATL","JFK","0","-19","-1","-25","1924","1164","2044","1244"
"4","AA","SFO","PHX","JFK","-7","-4","-7","4","1504","904","1633","993"
"4","VX","SFO","LAX","JFK","-4","0","-2","14","1415","855","1548","948"
"4","AS","SFO","SEA","JFK","-5","4","-9","-16","1842","1122","2121","1281"
"4","DL","SFO","LAX","JFK","19","12","-5","16","1832","1112","2125","1285"
"4","AA","SFO","PHX","JFK","-5","-5","-4","-5","1958","1198","2226","1346"
"4","B6","SFO","LAS","JFK","15","8","-6","-5","1907","1147","2149","1309"
"4","AS","SFO","SEA","JFK","-15","-10","-9","-16","1959","1199","2121","1281"
"4","AA","SFO","LAX","JFK","-2","-9","17","4","1950","1190","2247","1367"
"4","AA","SFO","LAX","JFK","-2","-9","-6","13","1950","1190","2124","1284"
"4","VX","SFO","LAS","JFK","12","11","-8","3","2021","1221","2202","1322"
"4","DL","SFO","LAX","JFK","10","3","-7","-8","2033","1233","2248","1368"
"4","VX","SFO","LAX","JFK","-4","0","-2","1","2050","1250","2308","1388"
"4","AA","SFO","LAX","JFK","2","-5","-4","-9","2056","1256","2326","1406"
"4","AA","SFO","LAX","JFK","2","-5","17","4","2056","1256","2247","1367"
"4","DL","SFO","LAX","JFK","2","-13","-9","-9","2114","1274","2350","1430"
"4","DL","SFO","LAX","JFK","2","-13","-7","-8","2114","1274","2248","1368"
"4","AA","SFO","LAX","JFK","-5","-9","-4","-9","2152","1312","2326","1406"
"4","VX","SFO","LAX","JFK","-7","-4","-2","1","2206","1326","2308","1388"
"4","DL","SFO","LAX","JFK","16","9","-9","-9","2239","1359","2350","1430"
"4","B6","SFO","BOS","JFK","-5","3","-9","-17","543","343","738","458"
"4","B6","SFO","BOS","JFK","-5","3","-4","-13","543","343","646","406"
"4","DL","SFO","ATL","JFK","16","9","-2","-30","631","391","808","488"
"4","B6","SFO","BOS","JFK","-9","-11","-2","-5","813","493","1057","657"
"5","DL","SFO","MSP","JFK","-4","-20","2","-11","518","318","712","432"
"5","AA","SFO","CLT","JFK","-5","-19","2","-11","746","466","917","557"
"5","AA","SFO","MIA","JFK","43","39","113","97","929","569","1048","648"
"5","AA","SFO","DFW","JFK","-7","-2","19","9","1043","643","1209","729"
"5","AA","SFO","PHX","JFK","-6","-18","-8","-4","840","520","952","592"
"5","DL","SFO","ATL","JFK","-3","-12","-2","-28","1321","801","1438","878"
"5","AA","SFO","MIA","JFK","-7","-12","21","24","1456","896","1716","1036"
"5","VX","SFO","LAX","JFK","-5","-9","-4","-7","811","491","1036","636"
"5","AA","SFO","LAX","JFK","-6","-17","-6","-11","815","495","1034","634"
"5","B6","SFO","LAS","JFK","1","-15","-2","0","855","535","1143","703"
"5","VX","SFO","LAX","JFK","-2","-11","-4","-7","909","549","1036","636"
"5","DL","SFO","LAX","JFK","-4","-11","-3","16","919","559","1127","687"
"5","DL","SFO","ATL","JFK","-5","-25","-1","-18","1609","969","1734","1054"
"5","AA","SFO","PHX","JFK","-14","-21","-3","1","1149","709","1327","807"
"5","AA","SFO","ORD","JFK","5","-11","-7","-11","1558","958","1828","1108"
"5","AA","SFO","LAX","JFK","-4","-15","4","14","1123","683","1419","859"
"5","AA","SFO","LAX","JFK","-4","-15","-5","-2","1123","683","1310","790"
"5","B6","SFO","FLL","JFK","0","-6","-1","-3","1834","1114","2104","1264"
"5","B6","SFO","FLL","JFK","0","-6","0","-7","1834","1114","1950","1190"
"5","AA","SFO","DFW","JFK","-7","-27","-3","6","1533","933","1657","1017"
"5","AA","SFO","ORD","JFK","-2","-22","-7","-11","1717","1037","1828","1108"
"5","VX","SFO","LAX","JFK","-3","-12","-1","2","1233","753","1339","819"
"5","DL","SFO","ATL","JFK","-5","-21","-1","-23","1859","1139","2044","1244"
"5","DL","SFO","LAX","JFK","2","10","64","47","1330","810","1509","909"
"5","AA","SFO","PHX","JFK","-6","-13","-7","-7","1455","895","1633","993"
"5","AA","SFO","CLT","JFK","11","-5","3","7","2105","1265","2217","1337"
"5","AS","SFO","SEA","JFK","-4","-3","0","-23","1835","1115","2130","1290"
"5","B6","SFO","LAS","JFK","7","-11","-7","-12","1848","1128","2148","1308"
"5","AS","SFO","SEA","JFK","-16","-26","0","-23","1943","1183","2130","1290"
"5","AA","SFO","LAX","JFK","-9","-29","-5","-9","1930","1170","2125","1285"
"5","AA","SFO","LAX","JFK","-10","-16","-10","-13","2045","1245","2320","1400"
"5","AA","SFO","LAX","JFK","-10","-16","13","8","2045","1245","2243","1363"
"5","VX","SFO","LAS","JFK","-5","-15","-1","-6","2105","1265","2209","1329"
"5","AA","SFO","LAX","JFK","-3","-19","-10","-13","2142","1302","2320","1400"
"5","AA","SFO","LAX","JFK","-3","-19","13","8","2142","1302","2243","1363"
"5","B6","SFO","BOS","JFK","-5","-6","-7","-17","534","334","830","510"
"5","B6","SFO","BOS","JFK","-5","-6","-10","-14","534","334","737","457"
"5","B6","SFO","FLL","JFK","27","19","-4","-18","719","439","911","551"
"5","DL","SFO","ATL","JFK","-2","-8","-3","-17","612","372","807","487"
"6","AA","SFO","DFW","JFK","-7","-21","-4","-20","1024","624","1146","706"
"6","AA","SFO","PHX","JFK","-4","-9","9","12","849","529","1009","609"
"6","DL","SFO","ATL","JFK","2","-10","-1","-24","1321","801","1439","879"
"6","AA","SFO","MIA","JFK","3","-12","1","6","1456","896","1656","1016"
"6","AA","SFO","LAX","JFK","77","63","-5","-7","935","575","1210","730"
"6","B6","SFO","LAS","JFK","24","13","2","-5","923","563","1147","707"
"6","DL","SFO","ATL","JFK","-1","-10","-1","-14","1507","907","1734","1054"
"6","VX","SFO","LAX","JFK","-6","-5","0","5","915","555","1040","640"
"6","B6","SFO","BOS","JFK","4","1","10","-2","1631","991","1851","1131"
"6","DL","SFO","LAX","JFK","-1","-3","9","-4","929","569","1139","699"
"6","DL","SFO","ATL","JFK","-5","-10","-1","-14","1625","985","1734","1054"
"6","DL","SFO","LAX","JFK","-3","5","9","-4","1035","635","1139","699"
"6","AA","SFO","PHX","JFK","18","8","-1","6","1218","738","1329","809"
"6","AA","SFO","ORD","JFK","1","-1","-2","-11","1608","968","1833","1113"
"6","B6","SFO","FLL","JFK","72","71","0","-15","1951","1191","2105","1265"
"6","AA","SFO","DFW","JFK","-3","-11","-4","-8","1549","949","1656","1016"
"6","AA","SFO","PHX","JFK","-3","-5","2","-1","1352","832","1642","1002"
"6","DL","SFO","LAX","JFK","88","77","-1","-2","1342","822","1559","959"
"6","AA","SFO","CLT","JFK","16","5","-5","-4","1917","1157","2209","1329"
"6","VX","SFO","LAX","JFK","52","46","10","21","1331","811","1600","960"
"6","DL","SFO","LAX","JFK","58","60","-1","-2","1420","860","1559","959"
"6","DL","SFO","ATL","JFK","1","-7","-3","-29","1936","1176","2042","1242"
"6","VX","SFO","LAX","JFK","11","2","10","21","1417","857","1600","960"
"6","AS","SFO","SEA","JFK","58","60","6","-15","1940","1180","2136","1296"
"6","DL","SFO","LAX","JFK","3","18","-6","7","1838","1118","2124","1284"
"6","AA","SFO","PHX","JFK","8","2","-1","-8","2005","1205","2229","1349"
"6","B6","SFO","LAS","JFK","62","46","-2","-11","1945","1185","2153","1313"
"6","AS","SFO","SEA","JFK","18","21","6","-15","2035","1235","2136","1296"
"6","AA","SFO","LAX","JFK","45","39","-6","5","2038","1238","2324","1404"
"6","AA","SFO","LAX","JFK","45","39","-7","10","2038","1238","2223","1343"
"6","VX","SFO","LAS","JFK","25","32","56","50","2042","1242","2306","1386"
"6","VX","SFO","LAX","JFK","17","22","3","6","2027","1227","2313","1393"
"6","DL","SFO","LAX","JFK","43","28","-6","3","2058","1258","2353","1433"
"6","DL","SFO","LAX","JFK","43","28","-3","-5","2058","1258","2252","1372"
"6","VX","SFO","LAX","JFK","17","53","3","6","2143","1303","2313","1393"
"6","AA","SFO","LAX","JFK","-2","18","-6","5","2119","1279","2324","1404"
"6","AA","SFO","LAX","JFK","-2","18","-7","10","2119","1279","2223","1343"
"6","DL","SFO","LAX","JFK","12","13","-6","3","2140","1300","2353","1433"
"6","DL","SFO","LAX","JFK","12","13","-3","-5","2140","1300","2252","1372"
"6","AA","SFO","LAX","JFK","21","-1","-6","5","2200","1320","2324","1404"
"6","B6","SFO","BOS","JFK","7","3","-3","-9","543","343","744","464"
"6","B6","SFO","BOS","JFK","7","3","-10","-26","543","343","645","405"
"6","B6","SFO","FLL","JFK","91","85","15","2","825","505","1115","675"
"6","DL","SFO","ATL","JFK","31","35","-2","-12","657","417","953","593"
"6","DL","SFO","ATL","JFK","31","35","-1","-17","657","417","809","489"
"7","DL","SFO","MSP","JFK","-3","-15","-2","-6","525","325","708","428"
"7","AA","SFO","CLT","JFK","-10","-14","3","-7","751","471","918","558"
"7","AA","SFO","ORD","JFK","1","4","19","19","1121","681","1259","779"
"7","AA","SFO","DFW","JFK","-6","-11","2","-1","1034","634","1152","712"
"7","AA","SFO","PHX","JFK","3","-4","-4","2","854","534","956","596"
"7","DL","SFO","ATL","JFK","-1","-3","2","-19","1328","808","1442","882"
"7","AA","SFO","MIA","JFK","-10","-4","5","2","1504","904","1700","1020"
"7","VX","SFO","LAX","JFK","-3","-2","-3","7","818","498","1037","637"
"7","AA","SFO","LAX","JFK","-4","-8","-3","9","824","504","1037","637"
"7","DL","SFO","ATL","JFK","0","-10","0","-13","1507","907","1735","1055"
"7","VX","SFO","LAX","JFK","10","10","-3","7","930","570","1037","637"
"7","B6","SFO","BOS","JFK","5","18","-6","-13","1648","1008","1946","1186"
"7","B6","SFO","BOS","JFK","5","18","2","1","1648","1008","1843","1123"
"7","DL","SFO","LAX","JFK","39","27","4","18","959","599","1134","694"
"7","DL","SFO","ATL","JFK","-1","-13","0","-13","1622","982","1735","1055"
"7","AA","SFO","PHX","JFK","-5","-3","1","13","1207","727","1331","811"
"7","AA","SFO","ORD","JFK","0","0","-9","-18","1609","969","1826","1106"
"7","AA","SFO","LAX","JFK","41","45","-8","-3","1223","743","1407","847"
"7","B6","SFO","FLL","JFK","67","82","5","-7","2002","1202","2115","1275"
"7","AA","SFO","DFW","JFK","0","-4","-4","3","1556","956","1656","1016"
"7","DL","SFO","LAX","JFK","-2","-6","-11","-9","1219","739","1354","834"
"7","AA","SFO","ORD","JFK","-6","-18","-9","-18","1721","1041","1826","1106"
"7","VX","SFO","LAX","JFK","68","57","-4","12","1342","822","1546","946"
"7","DL","SFO","LAX","JFK","18","16","-11","-4","1336","816","1549","949"
"7","DL","SFO","ATL","JFK","-4","-14","-1","-22","1929","1169","2044","1244"
"7","AA","SFO","PHX","JFK","-7","-8","-1","3","1500","900","1639","999"
"7","VX","SFO","LAX","JFK","-3","-2","-4","12","1413","853","1546","946"
"14","AA","SFO","MIA","JFK","-3","-11","35","34","1457","897","1730","1050"
"14","VX","SFO","LAX","JFK","14","0","0","-28","820","500","1040","640"
"14","AA","SFO","LAX","JFK","-8","-15","-5","-22","817","497","1035","635"
"14","DL","SFO","LAX","JFK","108","102","13","-10","1012","612","1143","703"
"14","B6","SFO","LAS","JFK","-6","1","4","-21","911","551","1149","709"
"14","VX","SFO","LAX","JFK","-1","11","0","-28","931","571","1040","640"
"14","B6","SFO","BOS","JFK","-8","-26","195","194","1604","964","1754","1074"
"14","DL","SFO","LAX","JFK","39","16","13","-10","948","588","1143","703"
"14","DL","SFO","ATL","JFK","0","-12","35","26","1623","983","1810","1090"
"14","DL","SFO","LAX","JFK","0","11","13","-10","1041","641","1143","703"
"14","AA","SFO","PHX","JFK","-5","8","33","78","1218","738","1403","843"
"14","AA","SFO","ORD","JFK","26","3","8","21","1612","972","1843","1123"
"14","B6","SFO","FLL","JFK","13","10","67","67","1850","1130","2057","1257"
"14","AA","SFO","DFW","JFK","-1","-24","9","16","1536","936","1709","1029"
"14","DL","SFO","LAX","JFK","2","0","10","-4","1225","745","1415","855"
"14","AA","SFO","ORD","JFK","-2","-21","8","21","1718","1038","1843","1123"
"14","AA","SFO","CLT","JFK","0","-13","9","27","1859","1139","2019","1219"
"14","VX","SFO","LAX","JFK","0","2","62","40","1247","767","1442","882"
"14","B6","SFO","BOS","JFK","13","13","62","67","2024","1224","2242","1362"
"14","B6","SFO","BOS","JFK","13","13","68","69","2024","1224","2159","1319"
"14","B6","SFO","BOS","JFK","13","13","124","133","2024","1224","2156","1316"
"14","DL","SFO","LAX","JFK","0","-2","0","-30","1318","798","1600","960"
"14","DL","SFO","ATL","JFK","-1","-18","0","0","1925","1165","2045","1245"
"14","VX","SFO","LAX","JFK","-6","-11","66","52","1404","844","1656","1016"
"14","AS","SFO","SEA","JFK","-16","-4","-2","-21","1836","1116","2128","1288"
"14","DL","SFO","LAX","JFK","60","49","0","-31","1909","1149","2130","1290"
"14","AS","SFO","SEA","JFK","-17","-2","-2","-21","2012","1212","2128","1288"
"14","AA","SFO","LAX","JFK","-14","-7","-2","-40","1952","1192","2228","1348"
"14","AA","SFO","LAX","JFK","-14","-7","15","6","1952","1192","2145","1305"
"14","VX","SFO","LAX","JFK","85","85","20","-12","2130","1290","2330","1410"
"14","DL","SFO","LAX","JFK","-3","9","-1","-35","2039","1239","2254","1374"
"14","VX","SFO","LAX","JFK","25","35","20","-12","2125","1285","2330","1410"
"14","AA","SFO","LAX","JFK","-6","19","-2","-40","2120","1280","2228","1348"
"14","DL","SFO","LAX","JFK","4","7","1","-39","2134","1294","2400","1440"
"14","DL","SFO","LAX","JFK","4","7","-1","-35","2134","1294","2254","1374"
"14","VX","SFO","LAX","JFK","-4","5","20","-12","2215","1335","2330","1410"
"14","B6","SFO","BOS","JFK","-1","-7","-1","2","533","333","746","466"
"14","AA","SFO","CLT","JFK","-5","-15","14","13","557","357","744","464"
"14","B6","SFO","FLL","JFK","8","10","-5","-4","710","430","823","503"
"14","DL","SFO","ATL","JFK","-9","6","5","0","628","388","815","495"
"15","DL","SFO","MSP","JFK","0","-3","-4","-27","537","337","706","426"
"15","AA","SFO","CLT","JFK","-3","-2","-2","7","803","483","913","553"
"15","AA","SFO","ORD","JFK","-6","-17","-4","-31","1100","660","1236","756"
"15","AA","SFO","PHX","JFK","-5","-24","-1","-34","834","514","959","599"
"15","DL","SFO","ATL","JFK","2","-8","1","-13","1323","803","1441","881"
"15","AA","SFO","MIA","JFK","2","-11","-1","-20","1457","897","1654","1014"
"15","VX","SFO","LAX","JFK","5","0","23","-1","820","500","1103","663"
"15","AA","SFO","LAX","JFK","1","-10","-7","-34","822","502","1033","633"
"15","B6","SFO","LAS","JFK","-7","-4","7","-14","906","546","1152","712"
"15","DL","SFO","ATL","JFK","0","-10","-2","14","1507","907","1733","1053"
"15","VX","SFO","LAX","JFK","6","5","23","-1","925","565","1103","663"
"15","B6","SFO","BOS","JFK","-2","-4","-2","-8","1626","986","1839","1119"
"15","DL","SFO","LAX","JFK","5","-14","5","-19","918","558","1135","695"
"15","DL","SFO","ATL","JFK","2","-11","-2","14","1624","984","1733","1053"
"15","DL","SFO","LAX","JFK","-2","-7","5","-19","1023","623","1135","695"
"15","AA","SFO","PHX","JFK","-1","1","-4","-43","1211","731","1326","806"
"15","AA","SFO","ORD","JFK","-3","-14","-5","-23","1555","955","1830","1110"
"15","AA","SFO","LAX","JFK","-7","-18","-4","-31","1120","680","1311","791"
"15","AA","SFO","LAX","JFK","-7","-18","19","-3","1120","680","1234","754"
"15","B6","SFO","FLL","JFK","-2","-13","48","33","1827","1107","2038","1238"
"15","B6","SFO","FLL","JFK","-2","-13","87","73","1827","1107","1936","1176"
"15","AA","SFO","DFW","JFK","-2","-17","-1","-10","1543","943","1659","1019"
"15","AA","SFO","DFW","JFK","-2","-17","387","363","1543","943","1817","1097"
"15","DL","SFO","LAX","JFK","-3","11","-5","-34","1236","756","1400","840"
"15","AA","SFO","ORD","JFK","-6","-12","-5","-23","1727","1047","1830","1110"
"15","AA","SFO","CLT","JFK","-4","-14","7","-1","1858","1138","2017","1217"
"15","VX","SFO","LAX","JFK","-1","-11","-4","-33","1234","754","1336","816"
"15","AA","SFO","DFW","JFK","-2","-15","387","363","1713","1033","1817","1097"
"15","DL","SFO","LAX","JFK","-2","-5","-6","-23","1315","795","1554","954"
"15","DL","SFO","ATL","JFK","-2","-21","-3","-24","1926","1166","2042","1242"
"15","AA","SFO","PHX","JFK","-5","-14","-1","-34","1454","894","1639","999"
"15","VX","SFO","LAX","JFK","-6","-11","8","-3","1404","844","1558","958"
"15","AA","SFO","LAX","JFK","-3","-22","-6","-26","1537","937","1639","999"
"15","AS","SFO","SEA","JFK","-11","3","-5","-38","1843","1123","2125","1285"
"15","AS","SFO","SEA","JFK","-10","-7","-5","-38","2007","1207","2125","1285"
"15","AA","SFO","LAX","JFK","-8","-17","-5","-43","1942","1182","2225","1345"
"15","AA","SFO","LAX","JFK","-8","-17","-4","-8","1942","1182","2126","1286"
"15","VX","SFO","LAX","JFK","23","16","0","-15","2021","1221","2310","1390"
"15","DL","SFO","LAX","JFK","-5","-21","0","-28","2009","1209","2255","1375"
"15","DL","SFO","LAX","JFK","-5","-21","-1","-9","2009","1209","2129","1289"
"15","VX","SFO","LAX","JFK","-5","-1","0","-15","2049","1249","2310","1390"
"15","AA","SFO","LAX","JFK","-3","-14","-5","-18","2047","1247","2325","1405"
"15","AA","SFO","LAX","JFK","-3","-14","-5","-43","2047","1247","2225","1345"
"15","DL","SFO","LAX","JFK","-2","-10","0","-28","2117","1277","2255","1375"
"15","AA","SFO","LAX","JFK","-6","-18","-5","-18","2143","1303","2325","1405"
"15","B6","SFO","BOS","JFK","0","-12","39","49","528","328","826","506"
"15","AA","SFO","CLT","JFK","-3","-13","-4","-23","559","359","726","446"
"15","B6","SFO","FLL","JFK","-1","-8","0","2","652","412","828","508"
"15","DL","SFO","ATL","JFK","-3","-9","-2","-19","613","373","808","488"
"16","AA","SFO","ORD","JFK","2","-13","-4","-21","1104","664","1236","756"
"16","AA","SFO","DFW","JFK","-3","-17","0","-25","1028","628","1150","710"
"16","DL","SFO","ATL","JFK","-1","-18","-1","-29","1313","793","1439","879"
"16","AA","SFO","MIA","JFK","2","-13","-5","-7","1455","895","1650","1010"
"16","VX","SFO","LAX","JFK","1","2","-1","-23","822","502","1039","639"
"16","B6","SFO","LAS","JFK","4","5","-6","-30","915","555","1139","699"
"16","DL","SFO","ATL","JFK","2","-8","0","-21","1509","909","1735","1055"
"16","VX","SFO","LAX","JFK","4","8","-1","-23","928","568","1039","639"
"16","B6","SFO","BOS","JFK","-1","-16","-4","-3","1614","974","1807","1087"
"16","DL","SFO","LAX","JFK","0","5","20","11","940","580","1150","710"
"16","DL","SFO","ATL","JFK","-1","-23","0","-21","1612","972","1735","1055"
"16","DL","SFO","LAX","JFK","9","37","0","-18","1107","667","1405","845"
"16","AA","SFO","PHX","JFK","0","-17","-3","-30","1153","713","1327","807"
"16","AA","SFO","ORD","JFK","-2","-20","-8","-23","1549","949","1827","1107"
"16","AA","SFO","LAX","JFK","0","2","8","19","1140","700","1423","863"
"16","AA","SFO","LAX","JFK","0","2","-4","-19","1140","700","1311","791"
"16","B6","SFO","FLL","JFK","121","109","39","35","2029","1229","2144","1304"
"16","AA","SFO","DFW","JFK","-1","-10","3","-17","1550","950","1703","1023"
"16","DL","SFO","LAX","JFK","-2","15","0","-18","1240","760","1405","845"
"16","AA","SFO","ORD","JFK","-2","-33","-8","-23","1706","1026","1827","1107"
"16","AA","SFO","CLT","JFK","23","15","-1","-8","1927","1167","2213","1333"
"16","VX","SFO","LAX","JFK","-4","-10","2","-24","1235","755","1342","822"
"16","DL","SFO","LAX","JFK","39","29","-5","-36","1349","829","1555","955"
"16","DL","SFO","ATL","JFK","0","-19","-1","-30","1924","1164","2044","1244"
"16","AA","SFO","PHX","JFK","0","-16","-8","-33","1452","892","1632","992"
"16","VX","SFO","LAX","JFK","-3","-7","16","3","1408","848","1606","966"
"16","AA","SFO","CLT","JFK","10","-2","-1","-8","2108","1268","2213","1333"
"16","AA","SFO","PHX","JFK","-7","-14","0","-15","1949","1189","2230","1350"
"16","AS","SFO","SEA","JFK","-4","-14","14","4","2001","1201","2144","1304"
"16","AA","SFO","LAX","JFK","-3","-6","3","-27","1953","1193","2233","1353"
"16","AA","SFO","LAX","JFK","-3","-6","-6","-14","1953","1193","2124","1284"
"16","DL","SFO","LAX","JFK","5","-7","-1","-28","2023","1223","2254","1374"
"16","DL","SFO","LAX","JFK","5","-7","-1","-26","2023","1223","2129","1289"
"16","B6","SFO","LGB","JFK","1","-1","8","15","2033","1233","2133","1293"
"16","VX","SFO","LAX","JFK","-4","14","2","-12","2104","1264","2312","1392"
"16","AA","SFO","LAX","JFK","-3","-9","-3","-12","2052","1252","2327","1407"
"16","AA","SFO","LAX","JFK","-3","-9","3","-27","2052","1252","2233","1353"
"16","AA","SFO","LAX","JFK","-4","-14","-3","-12","2147","1307","2327","1407"
"16","VX","SFO","LAX","JFK","-5","-4","2","-12","2206","1326","2312","1392"
"16","B6","SFO","BOS","JFK","21","4","43","44","544","344","830","510"
"16","AA","SFO","CLT","JFK","-4","-27","-1","-15","545","345","729","449"
"16","B6","SFO","FLL","JFK","0","7","29","28","707","427","857","537"
"16","DL","SFO","ATL","JFK","74","57","-4","-17","719","439","951","591"
"17","DL","SFO","MSP","JFK","25","16","24","26","556","356","734","454"
"17","AA","SFO","CLT","JFK","-4","-12","0","0","753","473","915","555"
"17","AA","SFO","MIA","JFK","3","-14","-1","-18","836","516","949","589"
"17","AA","SFO","DFW","JFK","-1","2","-2","-27","1047","647","1148","708"
"17","AA","SFO","PHX","JFK","-3","-17","-4","2","841","521","956","596"
"17","DL","SFO","ATL","JFK","2","-15","-2","-9","1316","796","1438","878"
"17","AA","SFO","MIA","JFK","17","-7","46","52","1451","891","1740","1060"
"17","VX","SFO","LAX","JFK","0","2","21","6","822","502","1101","661"
"17","AA","SFO","LAX","JFK","5","2","30","28","834","514","1110","670"
"17","DL","SFO","LAX","JFK","-3","17","16","4","847","527","1146","706"
"17","VX","SFO","LAX","JFK","0","-3","21","6","917","557","1101","661"
"17","DL","SFO","LAX","JFK","-3","16","16","4","948","588","1146","706"
"17","DL","SFO","ATL","JFK","1","-18","52","44","1617","977","1827","1107"
"17","DL","SFO","LAX","JFK","5","14","16","4","1044","644","1146","706"
"17","AA","SFO","PHX","JFK","-2","-3","81","52","1207","727","1451","891"
"17","AA","SFO","ORD","JFK","1","-7","300","290","1602","962","1740","1060"
"17","AA","SFO","DFW","JFK","-2","-17","17","-3","1528","928","1712","1032"
"17","B6","SFO","FLL","JFK","5","20","85","61","1900","1140","2115","1275"
"17","DL","SFO","LAX","JFK","-1","-10","-7","-17","1215","735","1358","838"
"17","AA","SFO","ORD","JFK","0","5","85","69","1745","1065","2000","1200"
"17","AA","SFO","CLT","JFK","-2","-12","25","13","1900","1140","2035","1235"
"17","VX","SFO","LAX","JFK","-2","3","82","80","1248","768","1502","902"
"17","DL","SFO","DTW","JFK","1","11","55","35","1921","1161","2042","1242"
"17","DL","SFO","LAX","JFK","-1","5","-3","-11","1325","805","1557","957"
"17","DL","SFO","ATL","JFK","-2","-15","57","23","1928","1168","2142","1302"
"17","AA","SFO","PHX","JFK","4","-3","36","36","1505","905","1716","1036"
"17","AA","SFO","MIA","JFK","10","-8","-1","-5","2034","1234","2214","1334"
"17","VX","SFO","LAX","JFK","-5","-9","0","-6","1406","846","1550","950"
"17","AA","SFO","CLT","JFK","-1","-2","-1","0","2108","1268","2213","1333"
"17","AA","SFO","LAX","JFK","-3","-11","55","36","1548","948","1740","1060"
"17","AS","SFO","SEA","JFK","9","8","0","-27","1848","1128","2130","1290"
"17","AA","SFO","PHX","JFK","-1","-10","2","-7","1953","1193","2232","1352"
"17","AS","SFO","SEA","JFK","-8","-12","0","-27","2002","1202","2130","1290"
"17","VX","SFO","LAS","JFK","-4","-4","21","6","2006","1206","2231","1351"
"17","AA","SFO","LAX","JFK","-5","-4","0","-14","2010","1210","2230","1350"
"17","AA","SFO","LAX","JFK","-5","-4","-3","-4","2010","1210","2127","1287"
"17","DL","SFO","LAX","JFK","-5","-13","0","-7","2017","1217","2130","1290"
"17","VX","SFO","LAX","JFK","1","-7","-6","-17","2103","1263","2304","1384"
"17","AA","SFO","LAX","JFK","-3","-4","-1","11","2127","1287","2329","1409"
"17","AA","SFO","LAX","JFK","-3","-4","0","-14","2127","1287","2230","1350"
"17","DL","SFO","LAX","JFK","20","43","1","20","2210","1330","2400","1440"
"17","DL","SFO","LAX","JFK","20","43","25","40","2210","1330","2320","1400"
"17","B6","SFO","BOS","JFK","16","1","-5","-8","541","341","742","462"
"17","AA","SFO","MIA","JFK","2","-8","4","7","540","340","714","434"
"17","AA","SFO","CLT","JFK","20","11","0","0","623","383","915","555"
"17","AA","SFO","CLT","JFK","20","11","-3","-18","623","383","727","447"
"17","DL","SFO","ATL","JFK","20","12","5","-8","634","394","815","495"
"18","DL","SFO","MSP","JFK","-7","-17","-2","-27","523","323","708","428"
"18","AA","SFO","CLT","JFK","-3","-2","9","-3","803","483","924","564"
"18","AA","SFO","ORD","JFK","0","-4","-4","-7","1113","673","1236","756"
"18","AA","SFO","DFW","JFK","-4","-7","26","-1","1038","638","1216","736"
"18","AA","SFO","PHX","JFK","-3","-7","-2","-6","851","531","958","598"
"18","DL","SFO","ATL","JFK","-4","-16","-5","-31","1315","795","1435","875"
"18","DL","SFO","MSP","JFK","2","-10","-2","-19","1203","723","1435","875"
"18","AA","SFO","MIA","JFK","2","-6","54","31","1452","892","1748","1068"
"18","VX","SFO","LAX","JFK","7","22","8","-10","842","522","1048","648"
"18","DL","SFO","LAX","JFK","-1","0","40","15","935","575","1210","730"
"18","B6","SFO","LAS","JFK","-6","3","6","-5","936","576","1214","734"
"18","DL","SFO","MSP","JFK","-2","-10","-2","-19","1331","811","1435","875"
"18","DL","SFO","ATL","JFK","3","-4","47","31","1631","991","1822","1102"
"18","DL","SFO","LAX","JFK","5","55","9","-13","1125","685","1414","854"
"18","AA","SFO","PHX","JFK","0","6","-1","-3","1216","736","1329","809"
"18","AA","SFO","ORD","JFK","16","3","-6","49","1612","972","1829","1109"
"18","DL","SFO","LAX","JFK","74","77","34","8","1342","822","1634","994"
"18","AA","SFO","CLT","JFK","9","-13","35","31","1859","1139","2045","1245"
"18","DL","SFO","DTW","JFK","-1","-24","66","55","1846","1126","2053","1253"
"18","DL","SFO","LAX","JFK","91","104","34","8","1504","904","1634","994"
"18","DL","SFO","ATL","JFK","1","-24","3","-11","1919","1159","2048","1248"
"18","AA","SFO","PHX","JFK","4","6","19","35","1514","914","1659","1019"
"18","AA","SFO","MIA","JFK","1","22","98","60","2104","1264","2307","1387"
"18","VX","SFO","LAX","JFK","146","143","111","102","1603","963","1741","1061"
"18","AA","SFO","CLT","JFK","16","12","23","15","2122","1282","2237","1357"
"18","DL","SFO","LAX","JFK","127","128","16","-7","1934","1174","2146","1306"
"18","DL","SFO","SLC","JFK","143","134","19","-12","2121","1281","2359","1439"
"18","AS","SFO","SEA","JFK","9","-3","3","-45","1837","1117","2133","1293"
"18","DL","SFO","LAX","JFK","81","93","16","-7","1953","1193","2146","1306"
"18","AA","SFO","PHX","JFK","-3","-14","6","-15","1949","1189","2236","1356"
"18","B6","SFO","LAS","JFK","61","53","1","-11","1949","1189","2136","1296"
"18","AA","SFO","LAX","JFK","12","5","-2","-20","2019","1219","2228","1348"
"18","AA","SFO","LAX","JFK","12","5","0","-11","2019","1219","2130","1290"
"18","B6","SFO","BOS","JFK","102","86","-1","-2","714","434","929","569"
"18","AA","SFO","MIA","JFK","89","82","-7","-36","710","430","848","528"
"18","AA","SFO","CLT","JFK","8","-15","10","-5","557","357","740","460"
"18","B6","SFO","BOS","JFK","35","19","36","45","843","523","1111","671"
"19","AA","SFO","CLT","JFK","-1","-7","35","28","758","478","950","590"
"19","DL","SFO","ATL","JFK","176","142","5","-12","1017","617","1240","760"
"19","AA","SFO","MIA","JFK","113","95","-5","-13","1025","625","1305","785"
"19","AA","SFO","DFW","JFK","2","-7","29","6","1038","638","1229","749"
"19","AA","SFO","PHX","JFK","0","-7","33","1","851","531","1033","633"
"19","DL","SFO","LAX","JFK","21","23","16","-17","753","473","856","536"
"19","DL","SFO","ATL","JFK","10","-10","35","26","1338","818","1520","920"
"19","VX","SFO","LAX","JFK","23","17","-1","-41","837","517","1039","639"
"19","AA","SFO","LAX","JFK","-2","-13","22","-5","819","499","1102","662"
"19","VX","SFO","LAX","JFK","9","16","-1","-41","936","576","1039","639"
"19","AA","SFO","PHX","JFK","-2","-4","2","-14","1206","726","1332","812"
"19","AA","SFO","ORD","JFK","21","-15","2","3","1554","954","1837","1117"
"19","DL","SFO","LAX","JFK","-6","1","29","-1","1121","681","1329","809"
"19","AA","SFO","DFW","JFK","-3","-14","-4","32","1531","931","1651","1011"
"19","B6","SFO","FLL","JFK","-3","19","-2","1","1905","1145","2113","1273"
"19","AA","SFO","ORD","JFK","3","-31","2","3","1709","1029","1837","1117"
"19","AA","SFO","CLT","JFK","3","-13","1",,"1859","1139","2011","1211"
"19","VX","SFO","LAX","JFK","11","9","4","-21","1254","774","1504","904"
"19","VX","SFO","LAX","JFK","11","9","36","26","1254","774","1416","856"
"19","DL","SFO","DTW","JFK","10","-31","29","30","1835","1115","1959","1199"
"19","AA","SFO","PHX","JFK","-4","0","-3","-26","1503","903","1637","997"
"19","VX","SFO","LAX","JFK","-3","-1","15","9","1414","854","1605","965"
"19","DL","SFO","SLC","JFK","13","1","7","-14","1606","966","1722","1042"
"19","DL","SFO","LAX","JFK","25","36","36","16","1556","956","1701","1021"
"19","AS","SFO","SEA","JFK","-3","-1","6","-31","1839","1119","2136","1296"
"19","AA","SFO","PHX","JFK","-3","-9","0","-20","1954","1194","2230","1350"
"19","B6","SFO","LAS","JFK","-3","-14","5","-1","1842","1122","2140","1300"
"19","AS","SFO","SEA","JFK","-7","-11","6","-31","2004","1204","2136","1296"
"19","AA","SFO","LAX","JFK","-8","2","19","16","2016","1216","2149","1309"
"19","VX","SFO","LAX","JFK","10","20","23","36","2125","1285","2333","1413"
"19","B6","SFO","BOS","JFK","51","21","-4","-17","609","369","719","439"
"19","AA","SFO","MIA","JFK","0","-2","3","-7","546","346","713","433"
"19","B6","SFO","FLL","JFK","23","16","17","36","639","399","831","511"
"19","AA","SFO","CLT","JFK","13","-1","75","89","611","371","845","525"
"19","DL","SFO","ATL","JFK","-2","-8","0","1","614","374","825","505"
"19","DL","SFO","DTW","JFK","3","-12","24","23","621","381","859","539"
"20","AA","SFO","CLT","JFK","1","-6","8","9","759","479","923","563"
"20","DL","SFO","ATL","JFK","5","-16","1","-7","739","459","1026","626"
"20","AA","SFO","DFW","JFK","-2","-16","2","-19","1029","629","1152","712"
"20","AA","SFO","PHX","JFK","-3","-13","6","-31","845","525","1006","606"
"20","DL","SFO","LAX","JFK","2","-12","29","0","718","438","909","549"
"20","DL","SFO","ATL","JFK","14","-6","21","12","1342","822","1506","906"
"20","AA","SFO","LAX","JFK","-6","-9","1","-26","752","472","901","541"
"20","AA","SFO","MIA","JFK","2","-14","-2","10","1444","884","1652","1012"
"20","DL","SFO","ATL","JFK","9","-2","18","8","1459","899","1758","1078"
"20","VX","SFO","LAX","JFK","4","7","8","-13","927","567","1048","648"
"20","B6","SFO","BOS","JFK","-1","-6","36","39","1623","983","1917","1157"
"20","B6","SFO","LAS","JFK","3","7","27","12","940","580","1235","755"
"20","AA","SFO","PHX","JFK","3","17","13","3","1227","747","1343","823"
"20","AA","SFO","ORD","JFK","4","-14","0","-16","1555","955","1835","1115"
"20","DL","SFO","LAX","JFK","-1","4","35","27","1124","684","1335","815"
"20","AA","SFO","DFW","JFK","-6","-24","20","13","1521","921","1715","1035"
"20","B6","SFO","FLL","JFK","159","164","102","105","2130","1290","2257","1377"
"26","B6","SFO","FLL","JFK","2","18","-6","-15","641","401","854","534"
"26","B6","SFO","FLL","JFK","2","18","0","-4","641","401","814","494"
"26","AA","SFO","CLT","JFK","-2","28","-1","15","640","400","914","554"
"27","DL","SFO","ATL","JFK","6","27","-3","-5","822","502","1022","622"
"27","AA","SFO","PHX","JFK","-4","-18","1","0","840","520","1001","601"
"27","VX","SFO","LAX","JFK","125","128","3","-9","943","583","1043","643"
"27","AA","SFO","LAX","JFK","0","-16","-5","0","745","465","1035","635"
"27","AA","SFO","LAX","JFK","0","-16","10","0","745","465","910","550"
"27","AA","SFO","MIA","JFK","45","19","30","37","1517","917","1724","1044"
"27","DL","SFO","ATL","JFK","76","82","30","23","1623","983","1810","1090"
"27","DL","SFO","LAX","JFK","114","113","35","22","1128","688","1335","815"
"27","AA","SFO","PHX","JFK","4","8","-1","3","1218","738","1329","809"
"27","DL","SFO","LAX","JFK","-4","21","35","22","1141","701","1335","815"
"27","B6","SFO","FLL","JFK","2","27","32","37","1913","1153","2147","1307"
"27","AA","SFO","CLT","JFK","22","47","14","6","1959","1199","2228","1348"
"27","B6","SFO","BOS","JFK","39","18","107","99","2035","1235","2152","1312"
"27","B6","SFO","BOS","JFK","39","18","201","187","2035","1235","2202","1322"
"27","DL","SFO","LAX","JFK","-6","-8","72","51","1312","792","1522","922"
"27","DL","SFO","ATL","JFK","0","3","20","20","1951","1191","2105","1265"
"27","AA","SFO","PHX","JFK","3","0","9","11","1508","908","1649","1009"
"27","AA","SFO","MIA","JFK","9","4","117","100","2046","1246","2226","1346"
"27","DL","SFO","MSP","JFK","-2","-17","69","57","1753","1073","2034","1234"
"27","VX","SFO","LAX","JFK","2","7","12","-1","1422","862","1602","962"
"27","AA","SFO","CLT","JFK","1","18","14","6","2128","1288","2228","1348"
"27","AS","SFO","SEA","JFK","0","9","8","-25","1849","1129","2138","1298"
"27","AA","SFO","PHX","JFK","-4","6","3","-12","2009","1209","2233","1353"
"27","B6","SFO","LAS","JFK","-10","-12","0","6","1844","1124","2135","1295"
"27","VX","SFO","LAX","JFK","86","78","2","-1","2008","1208","2137","1297"
"27","DL","SFO","LAX","JFK","99","92","12","24","2102","1262","2307","1387"
"27","AS","SFO","SEA","JFK","-6","-7","8","-25","2007","1207","2138","1298"
"27","VX","SFO","LAS","JFK","121","117","59","75","2202","1322","2309","1389"
"27","AA","SFO","LAX","JFK","-4","-13","7","-4","2001","1201","2237","1357"
"27","AA","SFO","LAX","JFK","-4","-13","-3","-11","2001","1201","2127","1287"
"27","B6","SFO","LGB","JFK","45","37","130","125","2115","1275","2330","1410"
"27","B6","SFO","BOS","JFK","126","120","-8","-14","748","468","1027","627"
"27","AA","SFO","MIA","JFK","40","24","-1","-18","612","372","854","534"
"27","DL","SFO","ATL","JFK","14","30","4","10","536","336","829","509"
"27","B6","SFO","FLL","JFK","14","7","7","18","630","390","812","492"
"27","AA","SFO","CLT","JFK","5","28","2","24","640","400","917","557"
"27","DL","SFO","ATL","JFK","1","21","4","10","643","403","829","509"
"28","AA","SFO","MIA","JFK","98","87","-1","-2","1017","617","1309","789"
"28","AA","SFO","DFW","JFK","0","-17","86","78","1028","628","1316","796"
"28","DL","SFO","LAX","JFK","-1","-13","6","-31","717","437","846","526"
"28","AA","SFO","PHX","JFK","-3","-15","-1","-16","843","523","959","599"
"28","DL","SFO","ATL","JFK","11","19","27","8","1407","847","1512","912"
"28","AA","SFO","MIA","JFK","-1","-16","-5","-18","1442","882","1649","1009"
"28","AA","SFO","DFW","JFK","6","-10","86","78","1210","730","1316","796"
"28","VX","SFO","LAX","JFK","9","4","11","7","824","504","1051","651"
"28","AA","SFO","ORD","JFK","-5","121","287","276","1609","969","1727","1047"
"28","DL","SFO","LAX","JFK","-2","-13","-1","-11","922","562","1129","689"
"28","B6","SFO","LAS","JFK","1","-4","-10","-33","929","569","1158","718"
"28","B6","SFO","BOS","JFK","-5","-1","1","-3","1628","988","1842","1122"
"28","DL","SFO","ATL","JFK","1","-16","15","7","1623","983","1755","1075"
"28","AA","SFO","PHX","JFK","-5","-16","10","-5","1154","714","1340","820"
"28","DL","SFO","LAX","JFK","-4","9","-5","16","1129","689","1405","845"
"28","DL","SFO","LAX","JFK","-4","9","-1","-33","1129","689","1259","779"
"28","B6","SFO","FLL","JFK","20","25","-2","-7","1911","1151","2208","1328"
"28","B6","SFO","FLL","JFK","20","25","5","-7","1911","1151","2120","1280"
"28","AA","SFO","CLT","JFK","35","36","3","0","1948","1188","2217","1337"
"28","VX","SFO","LAX","JFK","12","9","-3","19","1254","774","1547","947"
"28","VX","SFO","LAX","JFK","12","9","41","31","1254","774","1421","861"
"28","DL","SFO","LAX","JFK","13","28","0","-12","1348","828","1625","985"
"28","AA","SFO","MIA","JFK","-3","-5","9","9","2037","1237","2138","1298"
"28","VX","SFO","LAX","JFK","-6","5","-3","19","1420","860","1547","947"
"28","DL","SFO","DTW","JFK","-4","19","217","201","2121","1281","2307","1387"
"28","AA","SFO","DFW","JFK","1145","1143","20","16","1607","967","1715","1035"
"28","DL","SFO","ATL","JFK","-1","-7","351","324","8","8","236","156"
"28","AA","SFO","LAX","JFK","74","57","-2","-15","1915","1155","2128","1288"
"28","AA","SFO","PHX","JFK","16","8","3","-15","2011","1211","2233","1353"
"28","B6","SFO","LAS","JFK","-1","-8","-1","-11","1848","1128","2134","1294"
"28","VX","SFO","LAX","JFK","18","9","18","9","1914","1154","2153","1313"
"28","DL","SFO","LAX","JFK","28","12","-1","-26","1942","1182","2129","1289"
"28","VX","SFO","LAX","JFK","-3","-14","18","9","1936","1176","2153","1313"
"28","VX","SFO","LAS","JFK","9","10","0","-17","2015","1215","2210","1330"
"28","AA","SFO","LAX","JFK","-3","-3","-2","-15","2011","1211","2128","1288"
"28","B6","SFO","LGB","JFK","6","-5","42","31","2033","1233","2202","1322"
"28","VX","SFO","LAX","JFK","-6","-9","12","7","2041","1241","2322","1402"
"28","VX","SFO","LAX","JFK","-6","-9","18","9","2041","1241","2153","1313"
"28","AA","SFO","LAX","JFK","10","8","-4","-7","2139","1299","2326","1406"
"28","VX","SFO","LAX","JFK","1","-5","12","7","2205","1325","2322","1402"
"28","B6","SFO","BOS","JFK","-10","-10","6","-1","538","338","729","449"
"28","AA","SFO","MIA","JFK","130","120","13","-5","748","468","908","548"
"28","B6","SFO","FLL","JFK","4","5","-7","-19","628","388","853","533"
"28","B6","SFO","FLL","JFK","4","5","-7","-7","628","388","758","478"
"28","AA","SFO","CLT","JFK","-5","-16","0","-17","556","356","730","450"
"28","DL","SFO","ATL","JFK","159","156","-2","-4","858","538","1023","623"
"29","AA","SFO","CLT","JFK","-1","-3","6","2","802","482","921","561"
"29","DL","SFO","LAX","JFK","10","-2","0","-20","728","448","840","520"
"29","DL","SFO","ATL","JFK","7","-7","8","-13","1341","821","1453","893"
"29","AA","SFO","LAX","JFK","-3","-22","-3","-33","739","459","857","537"
"29","AA","SFO","MIA","JFK","-2","30","2","-8","1528","928","1656","1016"
"29","DL","SFO","ATL","JFK","16","16","13","-5","1517","917","1753","1073"
"29","DL","SFO","LAX","JFK","-5","-14","3","-19","921","561","1133","693"
"29","VX","SFO","LAX","JFK","-3","-11","48","16","909","549","1128","688"
"29","B6","SFO","LAS","JFK","2","-10","6","-8","923","563","1214","734"
"29","DL","SFO","ATL","JFK","6","-9","13","-5","1631","991","1753","1073"
"29","DL","SFO","LAX","JFK","-3","2","0","-15","1122","682","1410","850"
"29","DL","SFO","LAX","JFK","-3","2","1","-15","1122","682","1301","781"
"29","AA","SFO","DFW","JFK","-2","-22","2","-24","1523","923","1657","1017"
"29","B6","SFO","FLL","JFK","-7","29","11","-5","1915","1155","2126","1286"
"29","B6","SFO","FLL","JFK","-7","29","226","206","1915","1155","2204","1324"
"29","AA","SFO","ORD","JFK","-1","-7","42","9","1733","1053","1917","1157"
"29","AA","SFO","CLT","JFK","-3","-5","51","49","1907","1147","2101","1261"
"29","VX","SFO","LAX","JFK","2","-8","5","-11","1237","757","1345","825"
"29","DL","SFO","DTW","JFK","3","-11","104","91","1853","1133","2114","1274"
"29","DL","SFO","ATL","JFK","1","-16","11","-3","1932","1172","2056","1256"
"29","AA","SFO","PHX","JFK","1","-6","-3","-26","1502","902","1637","997"
"29","AA","SFO","MIA","JFK","-5","12","125","95","2054","1254","2334","1414"
"29","VX","SFO","LAX","JFK","3","-3","3","-22","1412","852","1553","953"
"29","AA","SFO","CLT","JFK","-3","-1","7","19","2109","1269","2221","1341"
"29","DL","SFO","LAX","JFK","14","9","22","-4","1529","929","1647","1007"
"29","AA","SFO","LAX","JFK","-4","-2","42","18","1557","957","1722","1042"
"29","DL","SFO","SLC","JFK","295","281","2","-11","2240","1360","2347","1427"
"29","B6","SFO","LAS","JFK","10","1","6","-15","1857","1137","2141","1301"
"29","VX","SFO","LAX","JFK","39","35","14","-9","1940","1180","2149","1309"
"29","DL","SFO","LAX","JFK","11","12","35","15","1942","1182","2205","1325"
"29","AS","SFO","SEA","JFK","-6","-15","3","-17","1959","1199","2133","1293"
"29","VX","SFO","LAX","JFK","-1","-10","14","-9","1940","1180","2149","1309"
"29","VX","SFO","LAS","JFK","8","4","13","-9","2009","1209","2223","1343"
"29","AA","SFO","LAX","JFK","96","99","-5","2","2153","1313","2325","1405"
"29","VX","SFO","LAX","JFK","-3","4","31","7","2054","1254","2341","1421"
"29","VX","SFO","LAS","JFK","-2","-13","13","-9","2107","1267","2223","1343"
"29","AA","SFO","LAX","JFK","-1","34","-5","2","2205","1325","2325","1405"
"29","DL","SFO","LAX","JFK","374","352","6","-24","322","202","616","376"
"29","VX","SFO","LAX","JFK","11","22","31","7","2232","1352","2341","1421"
"29","B6","SFO","BOS","JFK","141","132","168","214","800","480","1011","611"
"29","AA","SFO","MIA","JFK","-2","-16","37","33","532","332","747","467"
"29","B6","SFO","FLL","JFK","25","30","-6","1","653","413","854","534"
"29","B6","SFO","FLL","JFK","25","30","-4","-4","653","413","801","481"
"29","AA","SFO","CLT","JFK","-2","-19","33","29","553","353","803","483"
"30","AA","SFO","CLT","JFK","-5","1","27","24","806","486","942","582"
"30","AA","SFO","DFW","JFK","13","-9","-3","-13","1036","636","1147","707"
"30","DL","SFO","LAX","JFK","3","-9","7","-27","721","441","847","527"
"30","AA","SFO","PHX","JFK","-3","-27","2","-27","831","511","1002","602"
"30","DL","SFO","ATL","JFK","14","5","58","41","1353","833","1543","943"
"30","AA","SFO","LAX","JFK","-2","-12","3","-36","749","469","1043","643"
"30","AA","SFO","LAX","JFK","-2","-12","-4","-19","749","469","856","536"
"30","AA","SFO","MIA","JFK","-3","-26","3","10","1432","872","1657","1017"
"30","VX","SFO","LAX","JFK","-3","-14","4","-23","806","486","1044","644"
"30","VX","SFO","LAX","JFK","0","-7","4","-23","913","553","1044","644"
"30","AA","SFO","PHX","JFK","-7","-25","31","15","1145","705","1401","841"
"30","DL","SFO","LAX","JFK","0","55","0","-36","1215","735","1410","850"
"30","AA","SFO","DFW","JFK","-5","-31","-2","-19","1514","914","1653","1013"
"30","B6","SFO","FLL","JFK","27","22","10","-5","1908","1148","2125","1285"
"30","B6","SFO","FLL","JFK","27","22","37","30","1908","1148","2014","1214"
"30","AA","SFO","ORD","JFK","6","-17","95","69","1723","1043","2010","1210"
"30","AA","SFO","CLT","JFK","7","-13","17","12","1859","1139","2027","1227"
"30","VX","SFO","LAX","JFK","0","-6","3","1","1239","759","1343","823"
"30","DL","SFO","LAX","JFK","72","76","10","-20","1436","876","1635","995"
"30","DL","SFO","ATL","JFK","3","-32","27","8","1916","1156","2112","1272"
"30","DL","SFO","ATL","JFK","3","-32","172","148","1916","1156","2032","1232"
"30","AA","SFO","PHX","JFK","-7","-19","41","4","1449","889","1721","1041"
"30","AA","SFO","MIA","JFK","-8","-24","12","-17","2018","1218","2141","1301"
"30","B6","SFO","LAS","JFK","-1","-15","215","179","1403","843","1543","943"
"30","VX","SFO","LAX","JFK","-3","3","-1","-14","1418","858","1549","949"
"30","AA","SFO","PHX","JFK","48","42","28","-4","2045","1245","2258","1378"
"30","VX","SFO","LAX","JFK","38","34","16","6","1939","1179","2151","1311"
"30","DL","SFO","LAX","JFK","79","72","42","2","2042","1242","2337","1417"
"30","VX","SFO","LAX","JFK","26","29","16","6","2019","1219","2151","1311"
"30","VX","SFO","LAS","JFK","20","16","23","-1","2021","1221","2233","1353"
"30","AA","SFO","LAX","JFK","-5","-19","25","-27","1955","1195","2255","1375"
"30","AA","SFO","LAX","JFK","-5","-19","21","4","1955","1195","2151","1311"
"30","AS","SFO","SEA","JFK","-2","0","111","86","2135","1295","2321","1401"
"30","VX","SFO","LAX","JFK","2","9","26","-10","2059","1259","2336","1416"
"30","VX","SFO","LAS","JFK","-3","-4","23","-1","2116","1276","2233","1353"
"30","B6","SFO","BOS","JFK","33","3","2","-3","551","351","725","445"
"30","AA","SFO","MIA","JFK","3","-23","1","4","525","325","711","431"
"30","B6","SFO","FLL","JFK","475","464","11","-9","1407","847","1629","989"
"30","B6","SFO","FLL","JFK","475","464","2","-22","1407","847","1512","912"
"30","AA","SFO","CLT","JFK","-1","-37","-1","-5","535","335","729","449"
"30","DL","SFO","ATL","JFK","5","-11","14","-3","611","371","839","519"
"31","AA","SFO","CLT","JFK","8","-21","4","-9","744","464","919","559"
"31","AA","SFO","ORD","JFK","-2","-21","13","4","1056","656","1253","773"
"31","AA","SFO","DFW","JFK","5","-19","-1","-32","1026","626","1149","709"
"31","AA","SFO","PHX","JFK","-6","-17","58","3","841","521","1058","658"
"31","DL","SFO","ATL","JFK","-2","-26","0","-20","1321","801","1445","885"
"31","AA","SFO","MIA","JFK","-2","-12","-2","-5","1446","886","1652","1012"
"31","VX","SFO","LAX","JFK","6","3","-1","-38","823","503","1039","639"
"31","DL","SFO","ATL","JFK","7","-16","-3","-16","1442","882","1737","1057"
"31","DL","SFO","LAX","JFK","-1","5","29","-16","935","575","1159","719"
"31","B6","SFO","LAS","JFK","-8","-15","0","-37","918","558","1208","728"
"31","DL","SFO","ATL","JFK","-6","-32","-3","-16","1607","967","1737","1057"
"31","AA","SFO","PHX","JFK","-4","-2","38","-5","1208","728","1408","848"
"31","DL","SFO","LAX","JFK","46","46","-1","-38","1206","726","1409","849"
"31","AA","SFO","DFW","JFK","-4","-30","1","-10","1515","915","1656","1016"
"31","B6","SFO","FLL","JFK","-4","-17","6","0","1829","1109","2121","1281"
"31","B6","SFO","FLL","JFK","-4","-17","57","49","1829","1109","2034","1234"
"31","AA","SFO","ORD","JFK","-7","-40","-3","-35","1700","1020","1832","1112"
"31","AA","SFO","CLT","JFK","3","-31","3","1","1841","1121","2013","1213"
"31","VX","SFO","LAX","JFK","-4","-10","-2","-31","1235","755","1338","818"
"31","DL","SFO","LAX","JFK","-9","-12","-1","-38","1308","788","1409","849"
"31","DL","SFO","ATL","JFK","-4","-30","3","-16","1915","1155","2048","1248"
"31","AA","SFO","PHX","JFK","-3","-5","1","-41","1503","903","1641","1001"
"31","VX","SFO","LAX","JFK","29","22","145","122","1712","1032","1815","1095"
"31","AS","SFO","SEA","JFK","88","80","-8","-30","2000","1200","2122","1282"
"31","B6","SFO","LAS","JFK","12","-2","-5","-35","1854","1134","2130","1290"
"31","AA","SFO","MIA","JFK","-7","-24","-7","-20","524","324","703","423"
"31","B6","SFO","FLL","JFK","-11","-2","-2","-12","621","381","858","538"
"31","B6","SFO","FLL","JFK","-11","-2","15","0","621","381","820","500"
"31","DL","SFO","ATL","JFK","3","-21","9","-7","559","359","834","514"
"20","AA","SFO","ORD","JFK","-5","-29","0","-16","1711","1031","1835","1115"
"20","AA","SFO","CLT","JFK","0","-6","0","13","1906","1146","2010","1210"
"20","VX","SFO","LAX","JFK","24","39","20","2","1324","804","1610","970"
"20","DL","SFO","LAX","JFK","66","81","26","-2","1441","881","1651","1011"
"20","VX","SFO","LAX","JFK","42","40","20","2","1455","895","1610","970"
"20","AA","SFO","CLT","JFK","20","24","95","79","2134","1294","2349","1429"
"20","DL","SFO","LAX","JFK","128","127","12","7","1927","1167","2142","1302"
"20","B6","SFO","LAS","JFK","88","88","15","16","2024","1224","2150","1310"
"20","VX","SFO","LAX","JFK","35","23","5","-2","1913","1153","2140","1300"
"20","DL","SFO","LAX","JFK","166","161","-3","-9","2211","1331","2356","1436"
"20","DL","SFO","LAX","JFK","166","161","29","8","2211","1331","2324","1404"
"20","VX","SFO","LAX","JFK","78","66","28","14","2056","1256","2338","1418"
"20","AA","SFO","LAX","JFK","28","18","-1","17","2032","1232","2329","1409"
"20","AA","SFO","LAX","JFK","28","18","5","5","2032","1232","2235","1355"
"20","VX","SFO","LAX","JFK","34","61","28","14","2211","1331","2338","1418"
"20","B6","SFO","BOS","JFK","76","58","48","39","646","406","811","491"
"20","AA","SFO","MIA","JFK","4","-8","23","9","540","340","733","453"
"20","DL","SFO","ATL","JFK","68","57","10","-6","603","363","835","515"
"20","B6","SFO","FLL","JFK","178","187","0","-3","930","570","1153","713"
"20","AA","SFO","CLT","JFK","26","24","8","9","636","396","923","563"
"20","DL","SFO","ATL","JFK","14","-2","10","-6","620","380","835","515"
"21","AA","SFO","ORD","JFK","0","-9","2","-9","1108","668","1242","762"
"21","AA","SFO","DFW","JFK","14","-2","9","1","1043","643","1159","719"
"21","DL","SFO","LAX","JFK","-2","-17","0","-34","713","433","840","520"
"21","DL","SFO","ATL","JFK","6","-7","0","-28","1341","821","1445","885"
"21","AA","SFO","MIA","JFK","19","6","-3","3","1504","904","1651","1011"
"21","VX","SFO","LAX","JFK","-3","-3","8","-3","817","497","1048","648"
"21","DL","SFO","ATL","JFK","-2","-19","0","-14","1442","882","1740","1060"
"21","DL","SFO","LAX","JFK","241","224","75","54","1319","799","1525","925"
"21","VX","SFO","LAX","JFK","0","14","8","-3","934","574","1048","648"
"21","B6","SFO","BOS","JFK","-3","-18","1","-8","1611","971","1842","1122"
"21","B6","SFO","LAS","JFK","-1","5","-1","-9","938","578","1207","727"
"21","DL","SFO","ATL","JFK","8","-12","0","-14","1628","988","1740","1060"
"21","DL","SFO","LAX","JFK","-3","-2","41","19","1118","678","1341","821"
"21","AA","SFO","ORD","JFK","18","2","23","21","1742","1062","1858","1138"
"21","AA","SFO","CLT","JFK","18","23","0","3","1935","1175","2214","1334"
"21","DL","SFO","LAX","JFK","103","120","28","3","1520","920","1653","1013"
"21","AA","SFO","PHX","JFK","26","25","-6","-24","1533","933","1634","994"
"21","AA","SFO","MIA","JFK","-2","-6","12","-11","2036","1236","2141","1301"
"21","VX","SFO","LAX","JFK","-1","4","-7","-5","1419","859","1543","943"
"21","AA","SFO","PHX","JFK","152","140","4","-17","2102","1262","2234","1354"
"21","DL","SFO","LAX","JFK","183","196","17","16","2036","1236","2312","1392"
"21","DL","SFO","LAX","JFK","183","196","6","9","2036","1236","2136","1296"
"21","AA","SFO","PHX","JFK","32","25","4","-17","2028","1228","2234","1354"
"21","DL","SFO","LAX","JFK","113","139","17","16","2149","1309","2312","1392"
"21","AA","SFO","LAX","JFK","100","97","-2","18","2151","1311","2328","1408"
"21","VX","SFO","LAS","JFK","5","0","79","97","2120","1280","2329","1409"
"21","B6","SFO","BOS","JFK","177","184","-2","-6","852","532","1033","633"
"21","AA","SFO","MIA","JFK","39","54","-2","-9","642","402","853","533"
"21","DL","SFO","ATL","JFK","156","166","-4","-13","752","472","1021","621"
"21","B6","SFO","FLL","JFK","306","300","42","36","1123","683","1409","849"
"21","DL","SFO","ATL","JFK","57","49","0","-18","711","431","825","505"
"22","AA","SFO","CLT","JFK","209","190","33","44","1115","675","1342","822"
"22","DL","SFO","LAX","JFK","16","34","40","33","804","484","920","560"
"22","AA","SFO","PHX","JFK","-1","-12","30","61","846","526","1030","630"
"22","DL","SFO","ATL","JFK","6","12","23","24","1400","840","1508","908"
"22","AA","SFO","MIA","JFK","-5","-13","31","68","1445","885","1725","1045"
"22","AA","SFO","LAX","JFK","2","17","2","-16","849","529","1042","642"
"22","DL","SFO","LAX","JFK","11","24","55","35","959","599","1225","745"
"22","B6","SFO","BOS","JFK","-3","-9","31","20","1620","980","1911","1151"
"22","AA","SFO","CLT","JFK","169","181","6","-4","1946","1186","2220","1340"
"22","DL","SFO","ATL","JFK","3","0","22","6","1640","1000","1802","1082"
"22","AA","SFO","PHX","JFK","17","18","31","39","1228","748","1401","841"
"22","AA","SFO","ORD","JFK","25","-2","-2","38","1607","967","1833","1113"
"22","DL","SFO","LAX","JFK","0","17","68","40","1137","697","1408","848"
"22","AA","SFO","DFW","JFK","-5","-16","24","14","1529","929","1719","1039"
"22","B6","SFO","FLL","JFK","87","116","33","27","2042","1242","2243","1363"
"22","AA","SFO","ORD","JFK","1","-31","-2","38","1709","1029","1833","1113"
"22","AA","SFO","CLT","JFK","32","33","6","-4","1945","1185","2220","1340"
"22","VX","SFO","LAX","JFK","47","45","62","42","1330","810","1442","882"
"22","DL","SFO","LAX","JFK","55","55","15","4","1415","855","1640","1000"
"22","AA","SFO","PHX","JFK","30","17","-3","-7","1525","925","1637","997"
"22","DL","SFO","ATL","JFK","12","9","14","16","1957","1197","2059","1259"
"22","VX","SFO","LAX","JFK","0","1","76","58","1416","856","1706","1026"
"22","AA","SFO","PHX","JFK","86","67","3","8","2110","1270","2233","1353"
"22","B6","SFO","LAS","JFK","185","176","1",,"2152","1312","2400","1440"
"22","VX","SFO","LAX","JFK","73","59","71","105","2004","1204","2246","1366"
"22","DL","SFO","LAX","JFK","75","52","-1","4","2022","1222","2254","1374"
"22","DL","SFO","LAX","JFK","75","52","33","30","2022","1222","2203","1323"
"22","VX","SFO","LAX","JFK","73","79","23","27","2109","1269","2333","1413"
"22","VX","SFO","LAX","JFK","73","79","71","105","2109","1269","2246","1366"
"22","AA","SFO","LAX","JFK","6","0","13","16","2014","1214","2143","1303"
"22","VX","SFO","LAX","JFK","2","-13","23","27","2037","1237","2333","1413"
"22","VX","SFO","LAX","JFK","2","-13","71","105","2037","1237","2246","1366"
"22","AA","SFO","LAX","JFK","61","52","-7","0","2223","1343","2323","1403"
"22","AA","SFO","LAX","JFK","61","52","67","75","2223","1343","2337","1417"
"22","DL","SFO","LAX","JFK","9","1","-1","4","2131","1291","2254","1374"
"22","B6","SFO","BOS","JFK","28","13","0","-7","601","361","723","443"
"22","AA","SFO","MIA","JFK","2","-14","12","2","534","334","722","442"
"22","B6","SFO","FLL","JFK","193","185","23","9","928","568","1216","736"
"22","AA","SFO","CLT","JFK","19","42","7","11","654","414","922","562"
"22","DL","SFO","ATL","JFK","-5","0","3","-9","622","382","828","508"
"23","DL","SFO","ATL","JFK","1","-15","-1","-16","740","460","1024","624"
"23","AA","SFO","CLT","JFK","-1","-6","28","27","759","479","943","583"
"23","AA","SFO","ORD","JFK","-1","-3","18","28","1114","674","1258","778"
"23","AA","SFO","DFW","JFK","-2","-33","33","70","1012","612","1223","743"
"23","DL","SFO","LAX","JFK","32","18","12","9","748","468","852","532"
"23","AA","SFO","PHX","JFK","-2","-9","4","13","849","529","1004","604"
"23","AA","SFO","MIA","JFK","7","19","57","73","1517","917","1751","1071"
"23","DL","SFO","ATL","JFK","31","8","3","-15","1509","909","1743","1063"
"23","VX","SFO","LAX","JFK","-4","1","85","91","921","561","1205","725"
"23","AA","SFO","DFW","JFK","56","62","58","162","1453","893","1753","1073"
"23","VX","SFO","LAX","JFK","1","6","85","91","1021","621","1205","725"
"23","AA","SFO","ORD","JFK","9","-4","8","108","1605","965","1843","1123"
"23","DL","SFO","LAX","JFK","-4","9","2","26","1129","689","1412","852"
"23","DL","SFO","LAX","JFK","-4","9","17","10","1129","689","1317","797"
"23","AA","SFO","DFW","JFK","-2","-28","58","162","1517","917","1753","1073"
"23","B6","SFO","FLL","JFK","169","148","75","105","2114","1274","2230","1350"
"23","AA","SFO","DFW","JFK","22","14","58","162","1649","1009","1753","1073"
"23","AA","SFO","CLT","JFK","-3","-9","74","86","1903","1143","2124","1284"
"23","VX","SFO","LAX","JFK","5","-5","2","1","1240","760","1342","822"
"23","DL","SFO","DTW","JFK","9","-2","128","176","1902","1142","2138","1298"
"23","B6","SFO","BOS","JFK","101","107","195","204","2204","1324","2320","1400"
"23","B6","SFO","BOS","JFK","101","107","265","260","2204","1324","2306","1386"
"23","DL","SFO","ATL","JFK","-2","-36","59","129","1912","1152","2144","1304"
"23","AA","SFO","PHX","JFK","-6","-18","8","19","1450","890","1648","1008"
"23","AA","SFO","MIA","JFK","-4","-27","50","61","2015","1215","2219","1339"
"23","VX","SFO","LAX","JFK","-2","0","45","57","1415","855","1635","995"
"23","AA","SFO","LAX","JFK","-1","13","-6","-11","1831","1111","2124","1284"
"23","AA","SFO","PHX","JFK","2","-10","12","-14","1953","1193","2242","1362"
"23","VX","SFO","LAX","JFK","36","30","32","13","1935","1175","2207","1327"
"23","DL","SFO","LAX","JFK","69","78","16","20","2048","1248","2311","1391"
"23","AS","SFO","SEA","JFK","1","-4","32","2","2010","1210","2202","1322"
"23","VX","SFO","LAX","JFK","2","7","32","13","1957","1197","2207","1327"
"23","VX","SFO","LAS","JFK","8","9","4","14","2014","1214","2214","1334"
"23","AA","SFO","LAX","JFK","32","15","-5","-4","2029","1229","2325","1405"
"23","AA","SFO","LAX","JFK","32","15","11","-8","2029","1229","2241","1361"
"23","VX","SFO","LAX","JFK","-2","-12","18","8","2038","1238","2328","1408"
"23","VX","SFO","LAX","JFK","-2","-12","32","13","2038","1238","2207","1327"
"23","AA","SFO","LAX","JFK","6","12","-5","-4","2143","1303","2325","1405"
"23","DL","SFO","LAX","JFK","23","28","16","20","2158","1318","2311","1391"
"23","B6","SFO","BOS","JFK","37","11","-5","-8","559","359","718","438"
"23","AA","SFO","MIA","JFK","12","-14","2","-9","534","334","712","432"
"23","DL","SFO","ATL","JFK","41","19","-2","-13","525","325","823","503"
"23","B6","SFO","FLL","JFK","14","2","-5","12","625","385","855","535"
"23","B6","SFO","FLL","JFK","14","2","6","5","625","385","811","491"
"23","AA","SFO","CLT","JFK","-3","-34","1","-7","538","338","731","451"
"23","DL","SFO","ATL","JFK","-3","-14","-2","-13","608","368","823","503"
"24","AA","SFO","DFW","JFK","1","-16","-3","-10","1029","629","1147","707"
"24","AA","SFO","PHX","JFK","-2","-3","-5","-36","855","535","955","595"
"24","DL","SFO","ATL","JFK","3","-2","114","101","1345","825","1639","999"
"24","AA","SFO","LAX","JFK","-4","-16","-7","-39","745","465","853","533"
"24","AA","SFO","MIA","JFK","71","42","22","21","1540","940","1716","1036"
"24","DL","SFO","DTW","JFK","10","-24","-4","-16","1353","833","1526","926"
"24","VX","SFO","LAX","JFK","18","27","-3","-45","847","527","1037","637"
"24","DL","SFO","ATL","JFK","-2","-19","114","101","1439","879","1639","999"
"24","AA","SFO","ORD","JFK","6","-28","177","153","1340","820","1537","937"
"24","DL","SFO","LAX","JFK","-3","-2","44","4","928","568","1214","734"
"24","AA","SFO","PHX","JFK","0","-22","17","3","1148","708","1347","827"
"24","AA","SFO","ORD","JFK","5","-27","0","-17","1542","942","1835","1115"
"24","AA","SFO","DFW","JFK","18","6","19","8","1551","951","1714","1034"
"24","B6","SFO","FLL","JFK","50","50","-1","-6","1936","1176","2209","1329"
"24","B6","SFO","FLL","JFK","50","50","7","-5","1936","1176","2122","1282"
"24","B6","SFO","FLL","JFK","50","50","141","150","1936","1176","2039","1239"
"24","AA","SFO","ORD","JFK","9","-31","0","-17","1709","1029","1835","1115"
"24","DL","SFO","LAX","JFK","3","-3","42","15","1317","797","1452","892"
"24","DL","SFO","ATL","JFK","66","45","78","60","2030","1230","2203","1323"
"24","AA","SFO","PHX","JFK","7","-10","10","-20","1458","898","1650","1010"
"24","VX","SFO","LAX","JFK","11","11","10","-15","1426","866","1605","965"
"24","DL","SFO","SLC","JFK","9","0","-4","-7","1606","966","1711","1031"
"24","AA","SFO","LAX","JFK","-4","10","48","7","1609","969","1733","1053"
"24","AA","SFO","PHX","JFK","10","-8","4","-27","1955","1195","2234","1354"
"24","AS","SFO","SEA","JFK","-6","-21","7","-7","1953","1193","2137","1297"
"24","VX","SFO","LAX","JFK","15","8","6","-8","1953","1193","2141","1301"
"24","VX","SFO","LAX","JFK","61","50","6","-8","2040","1240","2141","1301"
"24","B6","SFO","BOS","JFK","26","-21","-4","-4","527","327","719","439"
"24","AA","SFO","MIA","JFK","61","38","-5","-4","626","386","850","530"
"24","B6","SFO","FLL","JFK","-2","0","-1","3","623","383","859","539"
"24","B6","SFO","FLL","JFK","-2","0","-5","-1","623","383","800","480"
"24","AA","SFO","CLT","JFK","-1","-22","20","31","550","350","750","470"
"24","DL","SFO","ATL","JFK","82","77","26","95","737","457","851","531"
"25","AA","SFO","CLT","JFK","-1","-34","3","-4","731","451","918","558"
"25","AA","SFO","ORD","JFK","5","-18","0","-20","1059","659","1240","760"
"25","AA","SFO","DFW","JFK","-4","-23","0","-23","1022","622","1150","710"
"25","AA","SFO","DFW","JFK","5","-20","0","-23","1040","640","1150","710"
"25","AA","SFO","PHX","JFK","-3","-18","8","-20","840","520","1008","608"
"25","DL","SFO","ATL","JFK","9","-15","1","-14","1332","812","1446","886"
"25","DL","SFO","ATL","JFK","9","-15","429","425","1332","812","1534","934"
"25","AA","SFO","MIA","JFK","5","-15","-7","-14","1443","883","1647","1007"
"25","DL","SFO","DTW","JFK","-5","-38","0","-4","1340","820","1530","930"
"25","DL","SFO","LAX","JFK","-1","-2","78","81","828","508","958","598"
"25","VX","SFO","LAX","JFK","3","-2","0","-35","818","498","1040","640"
"25","AA","SFO","CLT","JFK","-1","-9","95","87","1454","894","1559","959"
"25","DL","SFO","ATL","JFK","10","5","3","-14","1503","903","1743","1063"
"25","VX","SFO","LAX","JFK","-2","-15","0","-35","905","545","1040","640"
"25","B6","SFO","BOS","JFK","-3","-37","6","-7","1552","952","1847","1127"
"25","DL","SFO","MSP","JFK","11","-4","8","3","1423","863","1603","963"
"25","DL","SFO","ATL","JFK","15","-5","3","-14","1634","994","1743","1063"
"25","AA","SFO","PHX","JFK","12","-1","19","-19","1209","729","1349","829"
"25","AA","SFO","ORD","JFK","-3","-29","-2","-15","1540","940","1833","1113"
"25","AA","SFO","DFW","JFK","-5","-17","7","-13","1528","928","1702","1022"
"25","B6","SFO","FLL","JFK","-2","-4","-9","-17","1842","1122","2106","1266"
"25","AA","SFO","ORD","JFK","-3","-43","-2","-15","1657","1017","1833","1113"
"25","AA","SFO","CLT","JFK","-2","-22","-1","-5","1850","1130","2009","1209"
"25","DL","SFO","LAX","JFK","-2","-8","121","90","1322","802","1611","971"
"25","AA","SFO","PHX","JFK","3","-10","-11","-45","1458","898","1629","989"
"25","AA","SFO","MIA","JFK","-2","-19","-4","-28","2023","1223","2125","1285"
"25","VX","SFO","LAX","JFK","-1","7","2","-20","1422","862","1552","952"
"25","AA","SFO","CLT","JFK","10","2","37","27","2112","1272","2251","1371"
"25","AA","SFO","PHX","JFK","-3","-1","16","-21","2002","1202","2246","1366"
"25","VX","SFO","LAX","JFK","25","12","-3","-33","1917","1157","2132","1292"
"25","VX","SFO","LAX","JFK","-1","-14","-3","-33","1936","1176","2132","1292"
"25","VX","SFO","LAS","JFK","-3","13","-8","-36","2018","1218","2202","1322"
"25","DL","SFO","LAX","JFK","68","56","1","-14","2124","1284","2246","1366"
"25","VX","SFO","LAX","JFK","-5","5","0","-11","2055","1255","2310","1390"
"25","VX","SFO","LAX","JFK","6","-4","0","-11","2206","1326","2310","1390"
"25","B6","SFO","BOS","JFK","4","-15","-1","-5","533","333","722","442"
"25","AA","SFO","MIA","JFK","0","-10","10","-6","538","338","720","440"
"25","B6","SFO","FLL","JFK","-3","1","-2","-15","624","384","812","492"
"25","AA","SFO","CLT","JFK","-2","13","3","-4","625","385","918","558"
"25","AA","SFO","CLT","JFK","-2","13","27","12","625","385","757","477"
"25","B6","SFO","BOS","JFK","-11","-32","2","-3","752","472","1037","637"
"25","B6","SFO","BOS","JFK","-11","-32","-4","-6","752","472","926","566"
"26","DL","SFO","ATL","JFK","-5","-10","14","9","745","465","1014","614"
"26","AA","SFO","DFW","JFK","-2","25","35","31","1110","670","1225","745"
"26","DL","SFO","LAX","JFK","5","-11","7","12","719","439","847","527"
"26","AA","SFO","LAX","JFK","-6","-13","-5","2","748","468","855","535"
"26","VX","SFO","LAX","JFK","-1","8","4","3","828","508","1044","644"
"26","DL","SFO","ATL","JFK","36","51","-1","-6","1552","952","1739","1059"
"26","VX","SFO","LAX","JFK","0","15","4","3","935","575","1044","644"
"26","B6","SFO","LAS","JFK","-1","-1","11","10","932","572","1219","739"
"26","AA","SFO","DFW","JFK","-2","38","-3","93","1429","869","1652","1012"
"26","AA","SFO","PHX","JFK","-7","-8","-5","16","1202","722","1325","805"
"26","DL","SFO","LAX","JFK","-5","-12","29","34","1108","668","1329","809"
"26","B6","SFO","FLL","JFK","1","5","12","12","1851","1131","2127","1287"
"26","B6","SFO","FLL","JFK","1","5","22","21","1851","1131","1959","1199"
"26","AA","SFO","CLT","JFK","-8","10","56","53","1922","1162","2106","1266"
"26","VX","SFO","LAX","JFK","-4","-9","1","7","1236","756","1341","821"
"26","DL","SFO","LAX","JFK","16","15","0","-8","1335","815","1625","985"
"26","AA","SFO","PHX","JFK","-2","-14","12","14","1449","889","1652","1012"
"26","DL","SFO","ATL","JFK","0","4","8","-9","1952","1192","2053","1253"
"26","VX","SFO","LAX","JFK","0","-8","1","20","1407","847","1551","951"
"26","VX","SFO","LAX","JFK","0","-8","39","29","1407","847","1539","939"
"26","AS","SFO","SEA","JFK","-9","-10","-1","-26","1830","1110","2129","1289"
"26","AA","SFO","DFW","JFK","912","976","-3","93","1437","877","1652","1012"
"26","AA","SFO","PHX","JFK","-3","-20","2","-8","1943","1183","2232","1352"
"26","B6","SFO","LAS","JFK","2","9","-2","0","1905","1145","2133","1293"
"26","AS","SFO","SEA","JFK","-5","-20","-1","-26","1955","1195","2129","1289"
"26","VX","SFO","LAS","JFK","10","13","-5","-10","2028","1228","2205","1325"
"26","B6","SFO","LGB","JFK","-6","-14","11","19","2024","1224","2131","1291"
"26","VX","SFO","LAX","JFK","36","52","8","8","2157","1317","2318","1398"
"26","B6","SFO","BOS","JFK","20","23","9","6","611","371","732","452"
"26","AA","SFO","MIA","JFK","-2","4","-4","-17","552","352","706","426"
